IsolateName,Trial,MilkType,Raw Milk Type,PoreSize,Day,StorageTemp,PlateType,FSL,PCRrequested,Status,StreakOutDate,Lysate,PCR,GelResult,GelResult2,Exosap,SubmittedtoSeq,Gene,Family,Genus,Species,rpoBAT,Gramstain,AdditionalNotes,
MF-1-14-1.2-HTST-whole-10-APC-1,1,whole,,1.2,14,10,APC,L8-1315,rpoB,Complete,Tue Jun 14 00:00:00 EDT 2022,Thu Jun 16 00:00:00 EDT 2022,Thu Jun 16 00:00:00 EDT 2022,1,,Thu Jun 16 00:00:00 EDT 2022,Tue Jun 28 00:00:00 EDT 2022,rpoB,,Bacillus,mosaicus,410,positive,,
MF-1-42-1.2-HTST-skim-10-APC-1,1,skim,,1.2,42,10,APC,L8-1316,rpoB,Complete,Tue Jun 14 00:00:00 EDT 2022,Thu Jun 16 00:00:00 EDT 2022,Thu Jun 16 00:00:00 EDT 2022,2,,Thu Jun 16 00:00:00 EDT 2022,Tue Jun 28 00:00:00 EDT 2022,rpoB,,Bacillus,mosaicus,410,positive,,
MF-1-42-1.2-HTST-skim-10-APC-2,1,skim,,1.2,42,10,APC,L8-1317,rpoB,Complete,Thu Jun 16 00:00:00 EDT 2022,Fri Jun 17 00:00:00 EDT 2022,Fri Jun 17 00:00:00 EDT 2022,24,,Tue Jun 21 00:00:00 EDT 2022,Tue Jun 28 00:00:00 EDT 2022,rpoB,,Bacillus,mosaicus,410,positive,,
MF-1-42-1.2-HTST-skim-10-APC-3,1,skim,,1.2,42,10,APC,L8-1318,rpoB,Complete,Tue Jun 14 00:00:00 EDT 2022,Thu Jun 16 00:00:00 EDT 2022,Thu Jun 16 00:00:00 EDT 2022,3,,Thu Jun 16 00:00:00 EDT 2022,Tue Jun 28 00:00:00 EDT 2022,rpoB,,Bacillus,mosaicus,410,positive,,
MF-1-49-1.2-HTST-skim-10-APC-1,1,skim,,1.2,49,10,APC,L8-1319,rpoB,Complete,Thu Jun 16 00:00:00 EDT 2022,Fri Jun 17 00:00:00 EDT 2022,Fri Jun 17 00:00:00 EDT 2022,25,,Tue Jun 21 00:00:00 EDT 2022,Tue Jun 28 00:00:00 EDT 2022,rpoB,,Bacillus,mosaicus,410,positive,,
MF-1-49-1.2-HTST-skim-10-APC-2,1,skim,,1.2,49,10,APC,L8-1320,rpoB,Complete,Thu Jun 16 00:00:00 EDT 2022,Fri Jun 17 00:00:00 EDT 2022,Fri Jun 17 00:00:00 EDT 2022,26,,Tue Jun 21 00:00:00 EDT 2022,Tue Jun 28 00:00:00 EDT 2022,rpoB,,Bacillus,mosaicus,410,positive,,
MF-2-0-na-raw-whole-na-APC-1,2,rawwhole,Raw Milk,,0,,APC,L8-1321,16S,Complete,Wed Jun 29 00:00:00 EDT 2022,Thu Jun 30 00:00:00 EDT 2022,Thu Jun 30 00:00:00 EDT 2022,5,,Tue Jul 05 00:00:00 EDT 2022,Wed Jul 06 00:00:00 EDT 2022,16S,,Bacillus,sp.,,positive,,
MF-2-0-0.8-raw-skim-na-APC-1,2,rawskim,Raw Skim,0.8,0,,APC,L8-1322,16S,Complete,Wed Jun 29 00:00:00 EDT 2022,Thu Jun 30 00:00:00 EDT 2022,Thu Jun 30 00:00:00 EDT 2022,6,,Tue Jul 05 00:00:00 EDT 2022,Wed Jul 06 00:00:00 EDT 2022,16S,,Streptococcus,sp.,,positive,,
MF-2-0-0.8-raw-cream-na-APC-2,2,rawcream,Raw Cream,0.8,0,,APC,L8-1323,16S,Complete,Wed Jun 29 00:00:00 EDT 2022,Thu Jun 30 00:00:00 EDT 2022,Thu Jun 30 00:00:00 EDT 2022,7,,Tue Jul 05 00:00:00 EDT 2022,Wed Jul 06 00:00:00 EDT 2022,16S,,Streptococcus,sp.,,positive,,
MF-2-0-0.8-raw-cream-na-APC-4,2,rawcream,Raw Cream,0.8,0,,APC,L8-1324,16S,Complete,Wed Jun 29 00:00:00 EDT 2022,Thu Jun 30 00:00:00 EDT 2022,Thu Jun 30 00:00:00 EDT 2022,8,,Tue Jul 05 00:00:00 EDT 2022,Wed Jul 06 00:00:00 EDT 2022,16S,,Streptococcus,sp.,,positive,,
MF-2-0-0.8-raw-cream-na-APC-5,2,rawcream,Raw Cream,0.8,0,,APC,L8-1325,16S,Complete,Wed Jun 29 00:00:00 EDT 2022,Thu Jun 30 00:00:00 EDT 2022,Thu Jun 30 00:00:00 EDT 2022,9,,Tue Jul 05 00:00:00 EDT 2022,Wed Jul 06 00:00:00 EDT 2022,16S,,Lactococcus,sp.,,positive,,
MF-2-0-0.8-MF-skim-na-APC-1,2,MFskim,MF Skim,0.8,0,,APC,L8-1326,16S,Complete,Wed Jun 29 00:00:00 EDT 2022,Thu Jun 30 00:00:00 EDT 2022,Thu Jun 30 00:00:00 EDT 2022,10,,Tue Jul 05 00:00:00 EDT 2022,Wed Jul 06 00:00:00 EDT 2022,16S,,Streptococcus,sp.,,positive,,
MF-2-0-0.8-Std-whole-na-APC-2,2,stdwhole,Standardized,0.8,0,,APC,L8-1327,16S,Complete,Wed Jun 29 00:00:00 EDT 2022,Thu Jun 30 00:00:00 EDT 2022,Thu Jun 30 00:00:00 EDT 2022,11,,Tue Jul 05 00:00:00 EDT 2022,Wed Jul 06 00:00:00 EDT 2022,16S,,Streptococcus,sp.,,positive,,
MF-2-0-0.8-HTST-skim-na-stress-1,2,skim,,0.8,0,,stress,L8-1328,rpoB,Complete,Thu Jun 16 00:00:00 EDT 2022,Fri Jun 17 00:00:00 EDT 2022,Fri Jun 17 00:00:00 EDT 2022,27,,Tue Jun 21 00:00:00 EDT 2022,Tue Jun 28 00:00:00 EDT 2022,rpoB,,Bacillus,cereus s.s.,158,positive,,
MF-2-0-0.8-HTST-whole-na-stress-1,2,whole,,0.8,0,,stress,L8-1329,rpoB,Complete,Tue Jun 14 00:00:00 EDT 2022,Thu Jun 16 00:00:00 EDT 2022,Thu Jun 16 00:00:00 EDT 2022,4,,Thu Jun 16 00:00:00 EDT 2022,Tue Jun 28 00:00:00 EDT 2022,rpoB,,Bacillus,safensis,140,positive,,
MF-2-0-1.2-raw-skim-na-APC-1,2,rawskim,Raw Skim,1.2,0,,APC,L8-1330,16S,Complete,Wed Jun 29 00:00:00 EDT 2022,Thu Jun 30 00:00:00 EDT 2022,Thu Jun 30 00:00:00 EDT 2022,12,,Tue Jul 05 00:00:00 EDT 2022,Wed Jul 06 00:00:00 EDT 2022,16S,,Streptococcus,sp.,,positive,,
MF-2-0-1.2-HTST-skim-na-stress-1,2,skim,,1.2,0,,stress,L8-1331,rpoB- 16S,Re-do,Tue Jun 14 00:00:00 EDT 2022,Thu Jun 16 00:00:00 EDT 2022,Thu Jun 16 00:00:00 EDT 2022,5,,Thu Jun 16 00:00:00 EDT 2022,Tue Jun 28 00:00:00 EDT 2022,,,Bacillus,sp.,,positive,,
MF-2-0-na-raw-whole-na-APC-2,2,rawwhole,Raw Milk,,0,,APC,L8-1332,16S,Complete,Wed Jun 29 00:00:00 EDT 2022,Tue Jul 05 00:00:00 EDT 2022,Tue Jul 05 00:00:00 EDT 2022,35,,Wed Jul 06 00:00:00 EDT 2022,Thu Jul 07 00:00:00 EDT 2022,16S,Micrococcaceae,,,,positive,,
MF-2-0-na-raw-whole-na-APC-3,2,rawwhole,Raw Milk,,0,,APC,L8-1333,16S,Complete,Wed Jun 29 00:00:00 EDT 2022,Tue Jul 05 00:00:00 EDT 2022,Tue Jul 05 00:00:00 EDT 2022,36,,Wed Jul 06 00:00:00 EDT 2022,Thu Jul 07 00:00:00 EDT 2022,16S,,Microbacterium,sp.,,positive,amplified 9/1/22,
MF-2-0-na-raw-whole-na-APC-4,2,rawwhole,Raw Milk,,0,,APC,L8-1334,16S,Complete,Wed Jun 29 00:00:00 EDT 2022,Tue Jul 05 00:00:00 EDT 2022,Tue Jul 05 00:00:00 EDT 2022,37,,Wed Jul 06 00:00:00 EDT 2022,Thu Jul 07 00:00:00 EDT 2022,16S,Micrococcaceae,,,,positive,,
MF-2-0-0.8-raw-skim-na-APC-2,2,rawskim,Raw Skim,0.8,0,,APC,L8-1335,16S,Complete,Wed Jun 29 00:00:00 EDT 2022,Tue Jul 05 00:00:00 EDT 2022,Tue Jul 05 00:00:00 EDT 2022,38,1,Thu Jul 14 00:00:00 EDT 2022,Thu Jul 14 00:00:00 EDT 2022,16S,,Microbacterium,sp.,,positive,,
MF-2-0-0.8-raw-skim-na-APC-3,2,rawskim,Raw Skim,0.8,0,,APC,L8-1336,16S,Complete,Wed Jun 29 00:00:00 EDT 2022,Thu Jun 30 00:00:00 EDT 2022,Thu Jun 30 00:00:00 EDT 2022,13,,Tue Jul 05 00:00:00 EDT 2022,Wed Jul 06 00:00:00 EDT 2022,16S,Micrococcaceae,,,,positive,,
MF-2-0-0.8-raw-cream-na-APC-1,2,rawcream,Raw Cream,0.8,0,,APC,L8-1337,16S,Complete,Wed Jun 29 00:00:00 EDT 2022,Thu Jun 30 00:00:00 EDT 2022,Thu Jun 30 00:00:00 EDT 2022,14,,Tue Jul 05 00:00:00 EDT 2022,Wed Jul 06 00:00:00 EDT 2022,16S,,Acinetobacter,sp.,,negative,,
MF-2-0-0.8-MF-skim-na-APC-2,2,MFskim,MF Skim,0.8,0,,APC,L8-1338,16S,Complete,Wed Jun 29 00:00:00 EDT 2022,Tue Jul 05 00:00:00 EDT 2022,Tue Jul 05 00:00:00 EDT 2022,39,2,Thu Jul 14 00:00:00 EDT 2022,Thu Jul 14 00:00:00 EDT 2022,16S,,Microbacterium,sp.,,positive,,
MF-2-0-0.8-HTST-skim-na-APC-1,2,skim,,0.8,0,,APC,L8-1339,rpoB,Complete,Tue Jun 14 00:00:00 EDT 2022,Thu Jun 16 00:00:00 EDT 2022,Thu Jun 16 00:00:00 EDT 2022,6,12,Wed Jun 29 00:00:00 EDT 2022,Thu Jun 30 00:00:00 EDT 2022,16S,,Microbacterium,sp.,,positive,"did 16S 6/28/22 because rpoB failed initially, amplified 9/1/22",
MF-2-0-0.8-Std-whole-na-APC-1,2,stdwhole,Standardized,0.8,0,,APC,L8-1340,16S,Complete,Wed Jun 29 00:00:00 EDT 2022,Tue Jul 05 00:00:00 EDT 2022,Tue Jul 05 00:00:00 EDT 2022,40,,Wed Jul 06 00:00:00 EDT 2022,Thu Jul 07 00:00:00 EDT 2022,16S,,Microbacterium,sp.,,positive,,
MF-2-0-0.8-HTST-whole-na-APC-1,2,whole,,0.8,0,,APC,L8-1341,rpoB- 16S,Re-do,Tue Jun 14 00:00:00 EDT 2022,Thu Jun 16 00:00:00 EDT 2022,Thu Jun 16 00:00:00 EDT 2022,7,13,Wed Jun 29 00:00:00 EDT 2022,Thu Jun 30 00:00:00 EDT 2022,,,Microbacterium,sp.,,positive,did 16S 6/28/22 because rpoB failed initially,
MF-2-0-0.8-HTST-whole-na-stress-2,2,whole,,0.8,0,,stress,L8-1342,rpoB- 16S,Re-do,Tue Jun 14 00:00:00 EDT 2022,Thu Jun 16 00:00:00 EDT 2022,Thu Jun 16 00:00:00 EDT 2022,8,14,Wed Jun 29 00:00:00 EDT 2022,Thu Jun 30 00:00:00 EDT 2022,,,Microbacterium,sp.,,positive,did 16S 6/28/22 because rpoB failed initially,
MF-2-0-1.2-raw-skim-na-APC-2,2,rawskim,Raw Skim,1.2,0,,APC,L8-1343,16S,Complete,Wed Jun 29 00:00:00 EDT 2022,Tue Jul 05 00:00:00 EDT 2022,Tue Jul 05 00:00:00 EDT 2022,41,,Wed Jul 06 00:00:00 EDT 2022,Thu Jul 07 00:00:00 EDT 2022,16S,,Microbacterium,sp.,,positive,,
MF-2-0-1.2-raw-cream-na-APC-1,2,rawcream,Raw Cream,1.2,0,,APC,L8-1344,16S,Complete,Wed Jun 29 00:00:00 EDT 2022,Tue Jul 05 00:00:00 EDT 2022,Tue Jul 05 00:00:00 EDT 2022,42,,Wed Jul 06 00:00:00 EDT 2022,Thu Jul 07 00:00:00 EDT 2022,16S,,Microbacterium,sp.,,positive,,
MF-2-0-1.2-HTST-cream-na-APC-1,2,HTSTcream,,1.2,0,,APC,L8-1345,rpoB,Complete,Tue Jun 14 00:00:00 EDT 2022,Thu Jun 16 00:00:00 EDT 2022,Thu Jun 16 00:00:00 EDT 2022,9,1,Tue Jul 05 00:00:00 EDT 2022,Wed Jul 06 00:00:00 EDT 2022,16S,,Microbacterium,sp.,,positive,did 16S 6/28/22 because rpoB failed initially,
MF-2-0-1.2-HTST-skim-na-APC-1,2,skim,,1.2,0,,APC,L8-1346,rpoB- 16S,Re-do,Tue Jun 14 00:00:00 EDT 2022,Thu Jun 16 00:00:00 EDT 2022,Thu Jun 16 00:00:00 EDT 2022,10,16,Wed Jun 29 00:00:00 EDT 2022,Thu Jun 30 00:00:00 EDT 2022,,,Microbacterium,sp.,,positive,did 16S 6/28/22 because rpoB failed initially,
MF-2-0-1.2-std-whole-na-APC-2,2,stdwhole,Standardized,1.2,0,,APC,L8-1347,16S,Complete,Wed Jun 29 00:00:00 EDT 2022,Tue Jul 05 00:00:00 EDT 2022,Tue Jul 05 00:00:00 EDT 2022,43,,Wed Jul 06 00:00:00 EDT 2022,Thu Jul 07 00:00:00 EDT 2022,16S,,Microbacterium,sp.,,positive,,
MF-2-0-1.2-HTST-whole-na-APC-1,2,whole,,1.2,0,,APC,L8-1348,rpoB- 16S,Re-do,Tue Jun 14 00:00:00 EDT 2022,Thu Jun 16 00:00:00 EDT 2022,Thu Jun 16 00:00:00 EDT 2022,11,17,Wed Jun 29 00:00:00 EDT 2022,Thu Jun 30 00:00:00 EDT 2022,,,Microbacterium,sp.,,positive,did 16S 6/28/22 because rpoB failed initially,
MF-2-0-1.2-HTST-skim-na-stress-2,2,skim,,1.2,0,,stress,L8-1349,rpoB- 16S,Re-do,Tue Jun 14 00:00:00 EDT 2022,Thu Jun 16 00:00:00 EDT 2022,Thu Jun 16 00:00:00 EDT 2022,12,18,Wed Jun 29 00:00:00 EDT 2022,Thu Jun 30 00:00:00 EDT 2022,,,Microbacterium,sp.,,positive,did 16S 6/28/22 because rpoB failed initially,
MF-2-0-1.2-HTST-whole-na-stress-1,2,whole,,1.2,0,,stress,L8-1350,rpoB- 16S,Re-do,Tue Jun 14 00:00:00 EDT 2022,Thu Jun 16 00:00:00 EDT 2022,Thu Jun 16 00:00:00 EDT 2022,13,19,Wed Jun 29 00:00:00 EDT 2022,Thu Jun 30 00:00:00 EDT 2022,,,Microbacterium,sp.,,positive,did 16S 6/28/22 because rpoB failed initially,
MF-2-0-0.8-raw-cream-na-APC-3,2,rawcream,Raw Cream,0.8,0,,APC,L8-1351,16S,Complete,Wed Jun 29 00:00:00 EDT 2022,Thu Jun 30 00:00:00 EDT 2022,Thu Jun 30 00:00:00 EDT 2022,15,44,Wed Jul 06 00:00:00 EDT 2022,Thu Jul 07 00:00:00 EDT 2022,16S,Micrococcaceae,,,,positive,,
MF-2-0-0.8-Std-whole-na-APC-3,2,stdwhole,Standardized,0.8,0,,APC,L8-1352,16S,Complete,Wed Jun 29 00:00:00 EDT 2022,Thu Jun 30 00:00:00 EDT 2022,Thu Jun 30 00:00:00 EDT 2022,16,,Tue Jul 05 00:00:00 EDT 2022,Wed Jul 06 00:00:00 EDT 2022,16S,,Microbacterium,sp.,,positive,,
MF-2-0-1.2-HTST-cream-na-APC-2,2,HTSTcream,,1.2,0,,APC,L8-1353,rpoB- 16S,Re-do,Tue Jun 14 00:00:00 EDT 2022,Thu Jun 16 00:00:00 EDT 2022,Thu Jun 16 00:00:00 EDT 2022,14,20,Wed Jun 29 00:00:00 EDT 2022,Thu Jun 30 00:00:00 EDT 2022,,,Microbacterium,sp.,,positive,did 16S 6/28/22 because rpoB failed initially,
MF-2-0-1.2-std-whole-na-APC-1,2,stdwhole,Standardized,1.2,0,,APC,L8-1354,16S,Complete,Wed Jun 29 00:00:00 EDT 2022,Tue Jul 05 00:00:00 EDT 2022,Tue Jul 05 00:00:00 EDT 2022,45,,Wed Jul 06 00:00:00 EDT 2022,Thu Jul 07 00:00:00 EDT 2022,16S,,Microbacterium,sp.,,positive,,
MF-2-0-na-raw-whole-na-APC-5,2,rawwhole,Raw Milk,,0,,APC,L8-1355,16S,Re-do,Wed Jun 29 00:00:00 EDT 2022,Tue Jul 05 00:00:00 EDT 2022,Tue Jul 05 00:00:00 EDT 2022,46,,Wed Jul 06 00:00:00 EDT 2022,Thu Jul 07 00:00:00 EDT 2022,,,Microbacterium,sp.,,positive,,
MF-1-42-1.2-HTST-whole-10-APC-2,1,whole,,1.2,42,10,APC,L8-1356,rpoB- 16S,Re-do,Tue Jun 14 00:00:00 EDT 2022,Thu Jun 16 00:00:00 EDT 2022,Thu Jun 16 00:00:00 EDT 2022,15,21,Wed Jun 29 00:00:00 EDT 2022,Thu Jun 30 00:00:00 EDT 2022,,,Stenotrophomonas,sp.,,negative,did 16S 6/28/22 because rpoB failed initially,
MF2-0.8-D14-10C-Whole-1,2,whole,,0.8,14,10,APC,L8-1941,rpoB,Complete,Tue Jun 14 00:00:00 EDT 2022,Thu Jun 16 00:00:00 EDT 2022,Thu Jun 16 00:00:00 EDT 2022,16,,Thu Jun 16 00:00:00 EDT 2022,Tue Jun 28 00:00:00 EDT 2022,rpoB,,Bacillus,mosaicus,61,positive,,
MF2-0.8-D21-10C-Whole-2,2,whole,,0.8,21,10,APC,L8-1942,rpoB,Complete,Tue Jun 14 00:00:00 EDT 2022,Thu Jun 16 00:00:00 EDT 2022,Thu Jun 16 00:00:00 EDT 2022,17,,Thu Jun 16 00:00:00 EDT 2022,Tue Jun 28 00:00:00 EDT 2022,rpoB,,Bacillus,mosaicus,61,positive,,
MF2-1.2-D28-10C-Whole-1,2,whole,,1.2,28,10,APC,L8-1943,rpoB- 16S,Re-do,Tue Jun 14 00:00:00 EDT 2022,Thu Jun 16 00:00:00 EDT 2022,Thu Jun 16 00:00:00 EDT 2022,18,22,Wed Jun 29 00:00:00 EDT 2022,Thu Jun 30 00:00:00 EDT 2022,,,Microbacterium,sp.,,positive,did 16S 6/28/22 because rpoB failed initially,
MF2-1.2-D28-10C-Whole-2,2,whole,,1.2,28,10,APC,L8-1944,rpoB,Complete,Tue Jun 14 00:00:00 EDT 2022,Thu Jun 16 00:00:00 EDT 2022,Thu Jun 16 00:00:00 EDT 2022,19,2,Tue Jul 05 00:00:00 EDT 2022,Wed Jul 06 00:00:00 EDT 2022,16S,,Microbacterium,sp.,,positive,did 16S 6/28/22 because rpoB failed initially,
MF2-1.2-D28-3C-Skim-1,2,skim,,1.2,28,3,APC,L8-1945,rpoB- 16S,Re-do,Tue Jun 14 00:00:00 EDT 2022,Thu Jun 16 00:00:00 EDT 2022,Thu Jun 16 00:00:00 EDT 2022,20,24,Wed Jun 29 00:00:00 EDT 2022,Thu Jun 30 00:00:00 EDT 2022,,,Microbacterium,sp.,,positive,did 16S 6/28/22 because rpoB failed initially,
MF2-1.2-D49-6.5C-Whole-2,2,whole,,1.2,49,6.5,APC,L8-1946,rpoB- 16S,Re-do,Tue Jun 14 00:00:00 EDT 2022,Thu Jun 16 00:00:00 EDT 2022,Thu Jun 16 00:00:00 EDT 2022,21,25,Wed Jun 29 00:00:00 EDT 2022,Thu Jun 30 00:00:00 EDT 2022,,,Microbacterium,sp.,,positive,did 16S 6/28/22 because rpoB failed initially,
MF2-0.8-D49-6.5C-Whole-2,2,whole,,0.8,49,6.5,APC,L8-1947,rpoB,Complete,Tue Jun 14 00:00:00 EDT 2022,Thu Jun 16 00:00:00 EDT 2022,Thu Jun 16 00:00:00 EDT 2022,22,,Thu Jun 16 00:00:00 EDT 2022,Tue Jun 28 00:00:00 EDT 2022,rpoB,,Bacillus,mosaicus,61,positive,,
MF2-0.8-D49-6.5C-Skim-1,2,skim,,0.8,49,6.5,APC,L8-1948,rpoB- 16S,Re-do,Tue Jun 14 00:00:00 EDT 2022,Thu Jun 16 00:00:00 EDT 2022,Thu Jun 16 00:00:00 EDT 2022,23,26,Wed Jun 29 00:00:00 EDT 2022,Thu Jun 30 00:00:00 EDT 2022,,,Microbacterium,sp.,,positive,did 16S 6/28/22 because rpoB failed initially,
MF2-0.8-D49-6.5C-Skim-2,2,skim,,0.8,49,6.5,APC,L8-1949,rpoB- 16S,Re-do,Tue Jun 14 00:00:00 EDT 2022,Thu Jun 16 00:00:00 EDT 2022,Thu Jun 16 00:00:00 EDT 2022,24,27,Wed Jun 29 00:00:00 EDT 2022,Thu Jun 30 00:00:00 EDT 2022,,,Microbacterium,sp.,,positive,did 16S 6/28/22 because rpoB failed initially,
MF2-0.8-D56-10C-Skim-1,2,skim,,0.8,56,10,APC,L8-1950,rpoB,Complete,Tue Jun 14 00:00:00 EDT 2022,Thu Jun 16 00:00:00 EDT 2022,Thu Jun 16 00:00:00 EDT 2022,25,,Thu Jun 16 00:00:00 EDT 2022,Tue Jun 28 00:00:00 EDT 2022,rpoB,,Bacillus,mosaicus,410,positive,,
MF2-0.8-D56-6.5C-Whole-1,2,whole,,0.8,56,6.5,APC,L8-1951,rpoB,Complete,Tue Jun 14 00:00:00 EDT 2022,Thu Jun 16 00:00:00 EDT 2022,Thu Jun 16 00:00:00 EDT 2022,26,,Thu Jun 16 00:00:00 EDT 2022,Tue Jun 28 00:00:00 EDT 2022,rpoB,,Bacillus,mosaicus,61,positive,,
MF2-0.8-D56-6.5C-Whole-2,2,whole,,0.8,56,6.5,APC,L8-1952,rpoB- 16S,Re-do,Tue Jun 14 00:00:00 EDT 2022,Thu Jun 16 00:00:00 EDT 2022,Thu Jun 16 00:00:00 EDT 2022,27,28,Wed Jun 29 00:00:00 EDT 2022,Thu Jun 30 00:00:00 EDT 2022,,,Microbacterium,sp.,,positive,did 16S 6/28/22 because rpoB failed initially,
MF2-0.8-D56-6.5C-Whole-3,2,whole,,0.8,56,6.5,APC,L8-1953,rpoB- 16S,Re-do,Tue Jun 14 00:00:00 EDT 2022,Thu Jun 16 00:00:00 EDT 2022,Thu Jun 16 00:00:00 EDT 2022,28,29,Wed Jun 29 00:00:00 EDT 2022,Thu Jun 30 00:00:00 EDT 2022,,,,,,,did 16S 6/28/22 because rpoB failed initially,
MF2-1.2-D56-10C-Whole-1,2,whole,,1.2,56,10,APC,L8-1954,rpoB- 16S,Re-do,Tue Jun 14 00:00:00 EDT 2022,Thu Jun 16 00:00:00 EDT 2022,Thu Jun 16 00:00:00 EDT 2022,29,30,Wed Jun 29 00:00:00 EDT 2022,Thu Jun 30 00:00:00 EDT 2022,,,Microbacterium,sp.,,positive,did 16S 6/28/22 because rpoB failed initially,
MF2-0.8-D63-10C-Whole-1,2,whole,,0.8,63,10,APC,L8-1955,rpoB- 16S,Re-do,Thu Jun 16 00:00:00 EDT 2022,Fri Jun 17 00:00:00 EDT 2022,Fri Jun 17 00:00:00 EDT 2022,12,31,Wed Jun 29 00:00:00 EDT 2022,Thu Jun 30 00:00:00 EDT 2022,,,Microbacterium,sp.,,positive,"did 16S 6/28/22 because rpoB failed initially, failed 16S once",
MF2-0.8-D63-10C-Whole-2,2,whole,,0.8,63,10,APC,L8-1956,rpoB,Complete,Thu Jun 16 00:00:00 EDT 2022,Fri Jun 17 00:00:00 EDT 2022,Fri Jun 17 00:00:00 EDT 2022,13,,Tue Jun 21 00:00:00 EDT 2022,Tue Jun 28 00:00:00 EDT 2022,rpoB,,Bacillus,mosaicus,61,positive,,
MF2-0.8-D63-10C-Skim-1,2,skim,,0.8,63,10,APC,L8-1957,rpoB- 16S,Re-do,Thu Jun 16 00:00:00 EDT 2022,Fri Jun 17 00:00:00 EDT 2022,Fri Jun 17 00:00:00 EDT 2022,14,32,Wed Jun 29 00:00:00 EDT 2022,Thu Jun 30 00:00:00 EDT 2022,,,Microbacterium,sp.,,positive,"did 16S 6/28/22 because rpoB failed initially, failed 16S once",
MF2-0.8-D63-10C-Skim-2,2,skim,,0.8,63,10,APC,L8-1958,rpoB,Complete,Thu Jun 16 00:00:00 EDT 2022,Fri Jun 17 00:00:00 EDT 2022,Fri Jun 17 00:00:00 EDT 2022,15,,Tue Jun 21 00:00:00 EDT 2022,Tue Jun 28 00:00:00 EDT 2022,rpoB,,Bacillus,mosaicus,410,positive,,
MF2-0.8-D63-6.5C-Whole-1,2,whole,,0.8,63,6.5,APC,L8-1959,rpoB,Complete,Thu Jun 16 00:00:00 EDT 2022,Fri Jun 17 00:00:00 EDT 2022,Fri Jun 17 00:00:00 EDT 2022,16,,Tue Jun 21 00:00:00 EDT 2022,Tue Jun 28 00:00:00 EDT 2022,rpoB,,Bacillus,mosaicus,61,positive,,
MF2-1.2-D63-6.5C-Skim-1,2,skim,,1.2,63,6.5,APC,L8-1960,rpoB,Complete,Thu Jun 16 00:00:00 EDT 2022,Fri Jun 17 00:00:00 EDT 2022,Fri Jun 17 00:00:00 EDT 2022,17,3,Tue Jul 05 00:00:00 EDT 2022,Wed Jul 06 00:00:00 EDT 2022,16S,Xanthomonadaceae,,,,negative,did 16S 6/28/22 because rpoB failed initially,
MF2-1.2-D63-6.5-Whole-1,2,whole,,1.2,63,6.5,APC,L8-1961,rpoB,Complete,Thu Jun 16 00:00:00 EDT 2022,Fri Jun 17 00:00:00 EDT 2022,Fri Jun 17 00:00:00 EDT 2022,18,4,Tue Jul 05 00:00:00 EDT 2022,Wed Jul 06 00:00:00 EDT 2022,16S,,Microbacterium,sp.,,positive,did 16S 6/28/22 because rpoB failed initially,
MF2-1.2-D63-10C-Whole-1,2,whole,,1.2,63,10,APC,L8-1962,rpoB- 16S,Re-do,Thu Jun 16 00:00:00 EDT 2022,Fri Jun 17 00:00:00 EDT 2022,Fri Jun 17 00:00:00 EDT 2022,19,35,Wed Jun 29 00:00:00 EDT 2022,Thu Jun 30 00:00:00 EDT 2022,,,Microbacterium,sp.,,positive,"did 16S 6/28/22 because rpoB failed initially, failed 16S once",
MF2-0.8-D14-10C-Skim-1,2,skim,,0.8,14,10,APC,L8-1970,rpoB,Complete,Thu Jun 16 00:00:00 EDT 2022,Fri Jun 17 00:00:00 EDT 2022,Fri Jun 17 00:00:00 EDT 2022,20,,Tue Jun 21 00:00:00 EDT 2022,Tue Jun 28 00:00:00 EDT 2022,rpoB,,Bacillus,mosaicus,61,positive,,
MF2-1.2-D35-10C-Skim-1,2,skim,,1.2,35,10,APC,L8-1971,rpoB- 16S,Re-do,Thu Jun 16 00:00:00 EDT 2022,Fri Jun 17 00:00:00 EDT 2022,Fri Jun 17 00:00:00 EDT 2022,21,36,Wed Jun 29 00:00:00 EDT 2022,Thu Jun 30 00:00:00 EDT 2022,,,Microbacterium,sp.,,positive,"did 16S 6/28/22 because rpoB failed initially, failed 16S once",
MF2-1.2-D49-6.5C-Whole-1,2,whole,,1.2,49,6.5,APC,L8-1972,rpoB- 16S,Re-do,Thu Jun 16 00:00:00 EDT 2022,Fri Jun 17 00:00:00 EDT 2022,Fri Jun 17 00:00:00 EDT 2022,22,37,Wed Jun 29 00:00:00 EDT 2022,Thu Jun 30 00:00:00 EDT 2022,,,Microbacterium,sp.,,positive,"did 16S 6/28/22 because rpoB failed initially, failed 16S once",
MF2-0.8-D56-3C-Skim-1,2,skim,,0.8,56,3,APC,L8-1973,rpoB,Complete,Thu Jun 16 00:00:00 EDT 2022,Thu Jun 30 00:00:00 EDT 2022,Thu Jun 30 00:00:00 EDT 2022,10,47,Wed Jul 06 00:00:00 EDT 2022,Thu Jul 07 00:00:00 EDT 2022,16S,Comamonadaceae,,,,negative,,
MF2-1.2-D56-6.5C-Whole-2,2,whole,,1.2,56,6.5,APC,L8-1974,rpoB,Complete,Thu Jun 16 00:00:00 EDT 2022,Thu Jun 30 00:00:00 EDT 2022,Thu Jun 30 00:00:00 EDT 2022,11,48,Wed Jul 06 00:00:00 EDT 2022,Thu Jul 07 00:00:00 EDT 2022,16S,,Microbacterium,sp.,,positive,,
MF2-1.2-D56-6.5C-Skim-1,2,skim,,1.2,56,6.5,APC,L8-1975,rpoB,Complete,Thu Jun 16 00:00:00 EDT 2022,Fri Jun 17 00:00:00 EDT 2022,Fri Jun 17 00:00:00 EDT 2022,23,3,Thu Jul 14 00:00:00 EDT 2022,Thu Jul 14 00:00:00 EDT 2022,16S,,Microbacterium,sp.,,positive,,
MF3-RawWhole-MSC-2,3,rawwhole,Raw Milk,,0,,MSC,L8-1976,rpoB,Complete,Wed Jun 29 00:00:00 EDT 2022,Thu Jun 30 00:00:00 EDT 2022,Thu Jun 30 00:00:00 EDT 2022,15,,Tue Jul 05 00:00:00 EDT 2022,Wed Jul 06 00:00:00 EDT 2022,rpoB,,Paenibacillus,anaericanus,1948,positive,raw sequence in 7.13.22 file (for Ahmed),
MF3-RawWhole-MSC-5,3,rawwhole,Raw Milk,,0,,MSC,L8-1977,rpoB- 16S,Re-do,Wed Jun 29 00:00:00 EDT 2022,Thu Jun 30 00:00:00 EDT 2022,Thu Jun 30 00:00:00 EDT 2022,16,,Tue Jul 05 00:00:00 EDT 2022,Wed Jul 06 00:00:00 EDT 2022,,,Paenibacillus,sp.,,positive,,
MF3-RawWhole-PSC-1,3,rawwhole,Raw Milk,,0,,PSC,L8-1978,rpoB,Complete,Wed Jun 29 00:00:00 EDT 2022,Thu Jun 30 00:00:00 EDT 2022,Thu Jun 30 00:00:00 EDT 2022,17,,Tue Jul 05 00:00:00 EDT 2022,Wed Jul 06 00:00:00 EDT 2022,rpoB,,Bacillus,pumilus,20,positive,,
MF3-1.2-RawSkim-MSC-3,3,rawskim,Raw Skim,1.2,0,,MSC,L8-1979,rpoB,Complete,Wed Jun 29 00:00:00 EDT 2022,Thu Jun 30 00:00:00 EDT 2022,Thu Jun 30 00:00:00 EDT 2022,18,,Tue Jul 05 00:00:00 EDT 2022,Wed Jul 06 00:00:00 EDT 2022,rpoB,,Paenibacillus,xylanivorans,1944,positive,raw sequence in 7.13.22 file (for Ahmed),
MF3-1.2-RawSkim-MSC-4,3,rawskim,Raw Skim,1.2,0,,MSC,L8-1980,rpoB,Complete,Wed Jun 29 00:00:00 EDT 2022,Thu Jun 30 00:00:00 EDT 2022,Thu Jun 30 00:00:00 EDT 2022,19,,Tue Jul 05 00:00:00 EDT 2022,Wed Jul 06 00:00:00 EDT 2022,rpoB,,Bacillus,licheniformis,1,positive,,
MF3-1.2-RawSkim-MSC-5,3,rawskim,Raw Skim,1.2,0,,MSC,L8-1981,rpoB,Complete,Wed Jun 29 00:00:00 EDT 2022,Thu Jun 30 00:00:00 EDT 2022,Thu Jun 30 00:00:00 EDT 2022,20,,Tue Jul 05 00:00:00 EDT 2022,Wed Jul 06 00:00:00 EDT 2022,rpoB,,Bacillus,licheniformis,1,positive,,
MF3-1.2-RawSkim-MSC-7,3,rawskim,Raw Skim,1.2,0,,MSC,L8-1982,rpoB- 16S,Re-do,Wed Jun 29 00:00:00 EDT 2022,Thu Jun 30 00:00:00 EDT 2022,Thu Jun 30 00:00:00 EDT 2022,21,,Tue Jul 05 00:00:00 EDT 2022,Wed Jul 06 00:00:00 EDT 2022,,,Paenibacillus,sp.,,positive,"rpoB sequence was too short, re-do",
MF3-1.2-RawSkim-MSC-8,3,rawskim,Raw Skim,1.2,0,,MSC,L8-1983,rpoB,Complete,Wed Jun 29 00:00:00 EDT 2022,Thu Jun 30 00:00:00 EDT 2022,Thu Jun 30 00:00:00 EDT 2022,22,,Tue Jul 05 00:00:00 EDT 2022,Wed Jul 06 00:00:00 EDT 2022,rpoB,,Bacillus,subtilis s.l. Clade 1,231,positive,,
MF3-1.2-RawSkim-MSC-10,3,rawskim,Raw Skim,1.2,0,,MSC,L8-1984,rpoB,Complete,Wed Jun 29 00:00:00 EDT 2022,Thu Jun 30 00:00:00 EDT 2022,Thu Jun 30 00:00:00 EDT 2022,23,50,Wed Jul 06 00:00:00 EDT 2022,Thu Jul 07 00:00:00 EDT 2022,16S,Micrococcaceae,,,,positive,,
MF3-1.2-RawSkim-MSC-13,3,rawskim,Raw Skim,1.2,0,,MSC,L8-1985,rpoB,Complete,Wed Jun 29 00:00:00 EDT 2022,Thu Jun 30 00:00:00 EDT 2022,Thu Jun 30 00:00:00 EDT 2022,24,,Tue Jul 05 00:00:00 EDT 2022,Wed Jul 06 00:00:00 EDT 2022,rpoB,,Paenibacillus,xylanivorans,1944,positive,raw sequence in 7.13.22 file (for Ahmed),
MF3-1.2-RawSkim-MSC-14,3,rawskim,Raw Skim,1.2,0,,MSC,L8-1986,rpoB,Complete,Wed Jun 29 00:00:00 EDT 2022,Thu Jun 30 00:00:00 EDT 2022,Thu Jun 30 00:00:00 EDT 2022,25,,Tue Jul 05 00:00:00 EDT 2022,Wed Jul 06 00:00:00 EDT 2022,rpoB,,Bacillus,licheniformis,1,positive,,
MF3-1.2-RawSkim-MSC-15,3,rawskim,Raw Skim,1.2,0,,MSC,L8-1987,rpoB,Complete,Wed Jun 29 00:00:00 EDT 2022,Thu Jun 30 00:00:00 EDT 2022,Thu Jun 30 00:00:00 EDT 2022,26,,Tue Jul 05 00:00:00 EDT 2022,Wed Jul 06 00:00:00 EDT 2022,rpoB,,Bacillus,mosaicus,410,positive,,
MF3-1.2-RawSkim-MSC-16,3,rawskim,Raw Skim,1.2,0,,MSC,L8-1988,rpoB,Complete,Wed Jun 29 00:00:00 EDT 2022,Thu Jun 30 00:00:00 EDT 2022,Thu Jun 30 00:00:00 EDT 2022,27,,Tue Jul 05 00:00:00 EDT 2022,Wed Jul 06 00:00:00 EDT 2022,rpoB,,Bacillus,licheniformis,1,positive,,
MF3-1.2-RawSkim-MSC-17,3,rawskim,Raw Skim,1.2,0,,MSC,L8-1989,rpoB- 16S,Re-do,Wed Jun 29 00:00:00 EDT 2022,Thu Jun 30 00:00:00 EDT 2022,Thu Jun 30 00:00:00 EDT 2022,28,,Tue Jul 05 00:00:00 EDT 2022,Wed Jul 06 00:00:00 EDT 2022,,,Bacillus,sp.,,positive,"messy rpoB sequence, re-do",
MF3-1.2-RawSkim-PSC-1,3,rawskim,Raw Skim,1.2,,,PSC,L8-1990,rpoB- 16S,Re-do,Wed Jun 29 00:00:00 EDT 2022,Thu Jun 30 00:00:00 EDT 2022,Thu Jun 30 00:00:00 EDT 2022,29,,Tue Jul 05 00:00:00 EDT 2022,Wed Jul 06 00:00:00 EDT 2022,,,Paenibacillus,sp.,,positive,,
MF3-1.2-RawSkim-PSC-2,3,rawskim,Raw Skim,1.2,0,,PSC,L8-1991,rpoB- 16S,Re-do,Wed Jun 29 00:00:00 EDT 2022,Thu Jun 30 00:00:00 EDT 2022,Thu Jun 30 00:00:00 EDT 2022,30,,Tue Jul 05 00:00:00 EDT 2022,Wed Jul 06 00:00:00 EDT 2022,,,Paenibacillus,sp.,,positive,"messy rpoB sequence, re-do",
MF3-1.2-RawSkim-PSC-4,3,rawskim,Raw Skim,1.2,0,,PSC,L8-1992,rpoB- 16S,Re-do,Wed Jun 29 00:00:00 EDT 2022,Thu Jun 30 00:00:00 EDT 2022,Thu Jun 30 00:00:00 EDT 2022,31,,Tue Jul 05 00:00:00 EDT 2022,Wed Jul 06 00:00:00 EDT 2022,,,Paenibacillus,sp.,,positive,,
MF3-1.2-RawSkim-PSC-6,3,rawskim,Raw Skim,1.2,0,,PSC,L8-1993,rpoB,Complete,Thu Jul 07 00:00:00 EDT 2022,Tue Jul 12 00:00:00 EDT 2022,Wed Jul 13 00:00:00 EDT 2022,,,,,rpoB,,Paenibacillus,odorifer,527,positive,,
MF3-1.2-RawSkim-PSC-8,3,rawskim,Raw Skim,1.2,0,,PSC,L8-1994,rpoB,Complete,Thu Jul 07 00:00:00 EDT 2022,Tue Jul 12 00:00:00 EDT 2022,Wed Jul 13 00:00:00 EDT 2022,,,,,rpoB,,Paenibacillus,xylanivorans,1944,positive,raw sequence in 7.28.22 pt 1 file (for Ahmed),
MF3-1.2-RawSkim-PSC-9,3,rawskim,Raw Skim,1.2,0,,PSC,L8-1995,rpoB,Complete,Thu Jul 07 00:00:00 EDT 2022,Tue Jul 12 00:00:00 EDT 2022,Wed Jul 13 00:00:00 EDT 2022,,,,,rpoB,,Paenibacillus,xylanivorans,1944,positive,raw sequence in 7.28.22 pt 1 file (for Ahmed),
MF3-1.2-RawSkim-PSC-10,3,rawskim,Raw Skim,1.2,0,,PSC,L8-1996,rpoB,Complete,Thu Jul 07 00:00:00 EDT 2022,Tue Jul 12 00:00:00 EDT 2022,Wed Jul 13 00:00:00 EDT 2022,,,,,rpoB,,Bacillus,licheniformis,1,positive,,
MF3-1.2-RawSkim-PSC-12,3,rawskim,Raw Skim,1.2,0,,PSC,L8-1997,rpoB,Complete,Thu Jul 07 00:00:00 EDT 2022,Tue Jul 12 00:00:00 EDT 2022,Wed Jul 13 00:00:00 EDT 2022,,,,,rpoB,,Paenibacillus,xylanivorans,1944,positive,raw sequence in 7.28.22 pt 1 file (for Ahmed),
MF3-1.2-RawSkim-PSC-13,3,rawskim,Raw Skim,1.2,0,,PSC,L8-1998,rpoB,Complete,Thu Jul 07 00:00:00 EDT 2022,Tue Jul 12 00:00:00 EDT 2022,Wed Jul 13 00:00:00 EDT 2022,,,,,rpoB,,Paenibacillus,xylanivorans,1944,positive,raw sequence in 7.28.22 pt 1 file (for Ahmed),
MF3-1.2-RawSkim-PSC-14,3,rawskim,Raw Skim,1.2,0,,PSC,L8-1999,rpoB,Complete,Thu Jul 07 00:00:00 EDT 2022,Tue Jul 12 00:00:00 EDT 2022,Wed Jul 13 00:00:00 EDT 2022,,,,,rpoB,,Bacillus,licheniformis,1,positive,,
MF3-1.2-RawSkim-PSC-15,3,rawskim,Raw Skim,1.2,0,,PSC,L8-2000,rpoB,Complete,Thu Jul 07 00:00:00 EDT 2022,Tue Jul 12 00:00:00 EDT 2022,Wed Jul 13 00:00:00 EDT 2022,,,,,rpoB,,Paenibacillus,xylanivorans,1944,positive,raw sequence in 7.28.22 pt 1 file (for Ahmed),
MF3-1.2-RawCream-MSC-1,3,rawcream,Raw Cream,1.2,,,MSC,L8-2001,rpoB,Complete,Thu Jul 07 00:00:00 EDT 2022,Tue Jul 12 00:00:00 EDT 2022,Wed Jul 13 00:00:00 EDT 2022,99,,,,16S,,Sphingomonas,sp.,,negative,did 16S instead of rpoB since colonies were yellow or looked like yeast (pink),
MF3-1.2-RawCream-MSC-2,3,rawcream,Raw Cream,1.2,0,,MSC,L8-2002,rpoB,Complete,Thu Jul 07 00:00:00 EDT 2022,Tue Jul 12 00:00:00 EDT 2022,Wed Jul 13 00:00:00 EDT 2022,,,,,rpoB,,Bacillus,licheniformis,6,positive,,
MF3-1.2-RawCream-MSC-3,3,rawcream,Raw Cream,1.2,0,,MSC,L8-2003,rpoB,Complete,Thu Jul 07 00:00:00 EDT 2022,Tue Jul 12 00:00:00 EDT 2022,Wed Jul 13 00:00:00 EDT 2022,,,,,rpoB,,Bacillus,licheniformis,1,positive,,
MF3-1.2-RawCream-MSC-4,3,rawcream,Raw Cream,1.2,0,,MSC,L8-2004,rpoB,Complete,Thu Jul 07 00:00:00 EDT 2022,Tue Jul 12 00:00:00 EDT 2022,Wed Jul 13 00:00:00 EDT 2022,,,,,rpoB,,Bacillus,safensis,124,positive,,
MF3-1.2-RawCream-MSC-5,3,rawcream,Raw Cream,1.2,0,,MSC,L8-2005,rpoB,Complete,Thu Jul 07 00:00:00 EDT 2022,Tue Jul 12 00:00:00 EDT 2022,Wed Jul 13 00:00:00 EDT 2022,,,,,rpoB,,Bacillus,safensis,553,positive,,
MF3-1.2-RawCream-MSC-6,3,rawcream,Raw Cream,1.2,0,,MSC,L8-2006,rpoB- 16S,Re-do,Thu Jul 07 00:00:00 EDT 2022,Tue Jul 12 00:00:00 EDT 2022,Wed Jul 13 00:00:00 EDT 2022,,,,,,,Bacillus,sp.,,positive,,
MF3-1.2-RawCream-MSC-7,3,rawcream,Raw Cream,1.2,0,,MSC,L8-2007,rpoB,Complete,Thu Jul 07 00:00:00 EDT 2022,Tue Jul 12 00:00:00 EDT 2022,Wed Jul 13 00:00:00 EDT 2022,,,,,rpoB,,Bacillus,velezensis,269,positive,,
MF3-1.2-RawCream-MSC-9,3,rawcream,Raw Cream,1.2,0,,MSC,L8-2008,rpoB,Complete,Thu Jul 07 00:00:00 EDT 2022,Tue Jul 12 00:00:00 EDT 2022,Wed Jul 13 00:00:00 EDT 2022,,,,,rpoB,,Bacillus,licheniformis,1,positive,,
MF3-0.8-RawSkim-MSC-3,3,rawskim,Raw Skim,0.8,0,,MSC,L8-2009,rpoB,Complete,Thu Jul 07 00:00:00 EDT 2022,Tue Jul 12 00:00:00 EDT 2022,Wed Jul 13 00:00:00 EDT 2022,,,,,rpoB,,Bacillus,licheniformis s.l_Clade 1,31,positive,,
MF3-0.8-RawSkim-MSC-4,3,rawskim,Raw Skim,0.8,0,,MSC,L8-2010,rpoB,Complete,Thu Jul 07 00:00:00 EDT 2022,Tue Jul 12 00:00:00 EDT 2022,Wed Jul 13 00:00:00 EDT 2022,,,,,rpoB,,Bacillus,licheniformis,6,positive,,
MF3-0.8-RawSkim-MSC-5,3,rawskim,Raw Skim,0.8,0,,MSC,L8-2011,rpoB- 16S,Re-do,Thu Jul 07 00:00:00 EDT 2022,Tue Jul 12 00:00:00 EDT 2022,Wed Jul 13 00:00:00 EDT 2022,,,,,,,Bacillus,sp.,,positive,,
MF3-PreRawSkim-APC-1,3,PreRawSkim,Raw Skim,,0,,APC,L8-2012,16S,Complete,Wed Jun 29 00:00:00 EDT 2022,Thu Jun 30 00:00:00 EDT 2022,Thu Jun 30 00:00:00 EDT 2022,17,,Tue Jul 05 00:00:00 EDT 2022,Wed Jul 06 00:00:00 EDT 2022,16S,,Leuconostoc,sp.,,positive,,
MF3-PreRawSkim-APC-2,3,PreRawSkim,Raw Skim,,0,,APC,L8-2013,16S,Complete,Wed Jun 29 00:00:00 EDT 2022,Thu Jun 30 00:00:00 EDT 2022,Thu Jun 30 00:00:00 EDT 2022,18,,Tue Jul 05 00:00:00 EDT 2022,Wed Jul 06 00:00:00 EDT 2022,16S,,Streptococcus,sp.,,positive,,
MF3-PreRawSkim-APC-3,3,PreRawSkim,Raw Skim,,0,,APC,L8-2014,16S,Complete,Wed Jun 29 00:00:00 EDT 2022,Tue Jul 05 00:00:00 EDT 2022,Tue Jul 05 00:00:00 EDT 2022,51,,Wed Jul 06 00:00:00 EDT 2022,Thu Jul 07 00:00:00 EDT 2022,16S,,Microbacterium,sp.,,positive,,
MF3-preRawMilk-APC-1,3,rawwhole,Raw Milk,,0,,APC,L8-2015,16S,Complete,Wed Jun 29 00:00:00 EDT 2022,Thu Jun 30 00:00:00 EDT 2022,Thu Jun 30 00:00:00 EDT 2022,19,,Tue Jul 05 00:00:00 EDT 2022,Wed Jul 06 00:00:00 EDT 2022,16S,,Bacillus,sp.,,positive,,
MF3-1.2-SkimStress-1,3,skim,,1.2,0,,stress,L8-2016,16S,Complete,Wed Jun 29 00:00:00 EDT 2022,Thu Jun 30 00:00:00 EDT 2022,Thu Jun 30 00:00:00 EDT 2022,20,,Tue Jul 05 00:00:00 EDT 2022,Wed Jul 06 00:00:00 EDT 2022,16S,,Bacillus,sp.,,positive,amplified 9/1/22,
MF3-0.8-WholeStress-1,3,whole,,0.8,0,,stress,L8-2017,16S,Yeast?,Wed Jun 29 00:00:00 EDT 2022,Thu Jun 30 00:00:00 EDT 2022,Thu Jun 30 00:00:00 EDT 2022,21,4,,,,,,,,,check for yeast- failed 16S twice,
MF3-1.2-RawSkim-APC-1,3,rawskim,Raw Skim,1.2,,,APC,L8-2018,16S,Complete,Wed Jun 29 00:00:00 EDT 2022,Thu Jun 30 00:00:00 EDT 2022,Thu Jun 30 00:00:00 EDT 2022,22,5,,,16S,,Streptococcus,sp.,,positive,,
MF3-1.2-RawSkim-APC-2,3,rawskim,Raw Skim,1.2,0,,APC,L8-2019,16S,Complete,Wed Jun 29 00:00:00 EDT 2022,Thu Jun 30 00:00:00 EDT 2022,Thu Jun 30 00:00:00 EDT 2022,23,6,,,16S,,Leuconostoc,sp.,,positive,,
MF3-1.2-RawSkim-APC-3,3,rawskim,Raw Skim,1.2,0,,APC,L8-2020,16S,Complete,Wed Jun 29 00:00:00 EDT 2022,Tue Jul 05 00:00:00 EDT 2022,Tue Jul 05 00:00:00 EDT 2022,52,,Wed Jul 06 00:00:00 EDT 2022,Thu Jul 07 00:00:00 EDT 2022,16S,,Microbacterium,sp.,,positive,,
MF3-0.8-RawSkim-APC-1,3,rawskim,Raw Skim,0.8,,,APC,L8-2021,16S,Complete,Wed Jun 29 00:00:00 EDT 2022,Thu Jun 30 00:00:00 EDT 2022,Thu Jun 30 00:00:00 EDT 2022,24,,Tue Jul 05 00:00:00 EDT 2022,Wed Jul 06 00:00:00 EDT 2022,16S,,Streptococcus,sp.,,positive,,
MF3-0.8-RawSkim-APC-2,3,rawskim,Raw Skim,0.8,0,,APC,L8-2022,16S,Complete,Wed Jun 29 00:00:00 EDT 2022,Thu Jun 30 00:00:00 EDT 2022,Thu Jun 30 00:00:00 EDT 2022,25,,Tue Jul 05 00:00:00 EDT 2022,Wed Jul 06 00:00:00 EDT 2022,16S,,Leuconostoc,sp.,,positive,,
MF3-0.8-RawSkim-APC-3,3,rawskim,Raw Skim,0.8,0,,APC,L8-2023,16S,Complete,Wed Jun 29 00:00:00 EDT 2022,Tue Jul 05 00:00:00 EDT 2022,Tue Jul 05 00:00:00 EDT 2022,53,,Wed Jul 06 00:00:00 EDT 2022,Thu Jul 07 00:00:00 EDT 2022,16S,,Microbacterium,sp.,,positive,,
MF3-0.8-RawSkim-APC-4,3,rawskim,Raw Skim,0.8,0,,APC,L8-2024,16S,Complete,Wed Jun 29 00:00:00 EDT 2022,Tue Jul 05 00:00:00 EDT 2022,Tue Jul 05 00:00:00 EDT 2022,54,,Wed Jul 06 00:00:00 EDT 2022,Thu Jul 07 00:00:00 EDT 2022,16S,,Microbacterium,sp.,,positive,,
MF3-1.2-RawCream-APC-1,3,rawcream,Raw Cream,1.2,,,APC,L8-2025,16S,Complete,Wed Jun 29 00:00:00 EDT 2022,Thu Jun 30 00:00:00 EDT 2022,Thu Jun 30 00:00:00 EDT 2022,26,,Tue Jul 05 00:00:00 EDT 2022,Wed Jul 06 00:00:00 EDT 2022,16S,,Streptococcus,sp.,,positive,,
MF3-0.8-StdWhole-APC-2,3,stdwhole,Standardized,0.8,0,,APC,L8-2026,16S,Complete,Wed Jun 29 00:00:00 EDT 2022,Thu Jun 30 00:00:00 EDT 2022,Thu Jun 30 00:00:00 EDT 2022,27,,Tue Jul 05 00:00:00 EDT 2022,Wed Jul 06 00:00:00 EDT 2022,16S,,Streptococcus,sp.,,positive,,
MF3-0.8-D35-Skim-10C-1,3,skim,,0.8,35,10,APC,L8-2027,rpoB,Complete,Thu Jul 07 00:00:00 EDT 2022,Tue Jul 12 00:00:00 EDT 2022,Wed Jul 13 00:00:00 EDT 2022,100,,,,16S,,Microbacterium,sp.,,positive,"did 16S instead of rpoB since colonies were yellow or looked like yeast (pink), amplified 9/1/22",
MF3-0.8-D35-Skim-10C-2,3,skim,,0.8,35,10,APC,L8-2028,rpoB,Complete,Thu Jul 07 00:00:00 EDT 2022,Tue Jul 12 00:00:00 EDT 2022,Wed Jul 13 00:00:00 EDT 2022,,,,,rpoB,,Bacillus,licheniformis,1,positive,,
MF3-0.8-D42-Skim-6.5C-1,3,skim,,0.8,42,6.5,APC,L8-2029,rpoB,Complete,Thu Jul 07 00:00:00 EDT 2022,Tue Jul 12 00:00:00 EDT 2022,Wed Jul 13 00:00:00 EDT 2022,101,,,,16S,,Microbacterium,sp.,,positive,did 16S instead of rpoB since colonies were yellow or looked like yeast (pink),
MF3-0.8-D42-Whole-6.5C-1,3,whole,,0.8,42,6.5,APC,L8-2030,rpoB,Complete,Thu Jul 07 00:00:00 EDT 2022,Tue Jul 12 00:00:00 EDT 2022,Wed Jul 13 00:00:00 EDT 2022,102,,,,16S,,Microbacterium,sp.,,positive,did 16S instead of rpoB since colonies were yellow or looked like yeast (pink),
MF3-0.8-D42-Whole-6.5C-2,3,whole,,0.8,42,6.5,APC,L8-2031,rpoB- 16S,Re-do,Thu Jul 07 00:00:00 EDT 2022,Tue Jul 12 00:00:00 EDT 2022,Wed Jul 13 00:00:00 EDT 2022,,,,,,,Microbacterium,sp.,,positive,,
MF3-0.8-D42-Skim-10C-1,3,skim,,0.8,42,10,APC,L8-2032,rpoB- 16S,Re-do,Thu Jul 07 00:00:00 EDT 2022,Tue Jul 12 00:00:00 EDT 2022,Wed Jul 13 00:00:00 EDT 2022,,,,,,,Stenotrophomonas,sp.,,negative,GramNeg,
MF3-1.2-D42-Whole-3C-1,3,whole,,1.2,42,3,APC,L8-2033,rpoB- 16S,Re-do,Thu Jul 07 00:00:00 EDT 2022,Tue Jul 12 00:00:00 EDT 2022,Wed Jul 13 00:00:00 EDT 2022,,,,,,,Paenibacillus,sp.,,positive,,
MF3-1.2-D42-Whole-6.5C-1,3,whole,,1.2,42,6.5,APC,L8-2034,rpoB- 16S,Re-do,Thu Jul 07 00:00:00 EDT 2022,Tue Jul 12 00:00:00 EDT 2022,Wed Jul 13 00:00:00 EDT 2022,,,,,,,,,,,,
MF3-1.2-D42-Whole-6.5C-2,3,whole,,1.2,42,6.5,APC,L8-2035,rpoB,Complete,Thu Jul 07 00:00:00 EDT 2022,Tue Jul 12 00:00:00 EDT 2022,Wed Jul 13 00:00:00 EDT 2022,103,,,,16S,,Microbacterium,sp.,,positive,"did 16S instead of rpoB since colonies were yellow or looked like yeast (pink), amplified 9/1/22",
MF3-1.2-D42-Whole-10C-1,3,whole,,1.2,42,10,APC,L8-2036,rpoB,Complete,Thu Jul 07 00:00:00 EDT 2022,Tue Jul 12 00:00:00 EDT 2022,Wed Jul 13 00:00:00 EDT 2022,,,,,rpoB,,Bacillus,pumilus,328,positive,,
MF3-0.8-D49-Skim-6.5C-1,3,skim,,0.8,49,6.5,APC,L8-2037,rpoB,Complete,Thu Jul 07 00:00:00 EDT 2022,Tue Jul 12 00:00:00 EDT 2022,Wed Jul 13 00:00:00 EDT 2022,104,,,,16S,,Microbacterium,sp.,,positive,"did 16S instead of rpoB since colonies were yellow or looked like yeast (pink), amplified 9/1/22",
MF3-0.8-D49-Whole-6.5C-1,3,whole,,0.8,49,6.5,APC,L8-2038,rpoB,Complete,Thu Jul 07 00:00:00 EDT 2022,Tue Jul 12 00:00:00 EDT 2022,Wed Jul 13 00:00:00 EDT 2022,104,,,,16S,,Microbacterium,sp.,,positive,"did 16S instead of rpoB since colonies were yellow or looked like yeast (pink), amplified 9/1/22",
MF3-0.8-D49-Whole-6.5C-2,3,whole,,0.8,49,6.5,APC,L8-2039,rpoB- 16S,Re-do,Thu Jul 07 00:00:00 EDT 2022,Tue Jul 12 00:00:00 EDT 2022,Wed Jul 13 00:00:00 EDT 2022,,,,,,,Microbacterium,sp.,,positive,,
MF3-0.8-D49-Skim-10C-1,3,skim,,0.8,49,10,APC,L8-2040,rpoB,Complete,Thu Jul 07 00:00:00 EDT 2022,Tue Jul 12 00:00:00 EDT 2022,Wed Jul 13 00:00:00 EDT 2022,104,,,,16S,,Microbacterium,sp.,,positive,"did 16S instead of rpoB since colonies were yellow or looked like yeast (pink), amplified 9/1/22",
MF3-0.8-D49-Skim-10C-2,3,skim,,0.8,49,10,APC,L8-2041,rpoB- 16S,Re-do,Thu Jul 07 00:00:00 EDT 2022,Tue Jul 12 00:00:00 EDT 2022,Wed Jul 13 00:00:00 EDT 2022,,,,,,,Microbacterium,sp.,,positive,,
MF3-1.2-D49-Skim-3C-1,3,skim,,1.2,49,3,APC,L8-2042,rpoB-16S,Yeast?,Thu Jul 07 00:00:00 EDT 2022,Tue Jul 12 00:00:00 EDT 2022,Wed Jul 13 00:00:00 EDT 2022,107,,,,,,,,,,"did 16S instead of rpoB since colonies were yellow or looked like yeast (pink), pink colonies and failed 16S twice",
MF3-1.2-D49-Skim-6.5C-1,3,skim,,1.2,49,6.5,APC,L8-2043,rpoB,Complete,Thu Jul 07 00:00:00 EDT 2022,Tue Jul 12 00:00:00 EDT 2022,Wed Jul 13 00:00:00 EDT 2022,104,,,,16S,,Microbacterium,sp.,,positive,"did 16S instead of rpoB since colonies were yellow or looked like yeast (pink), amplified 9/1/22",
MF3-1.2-D49-Skim-10C-1,3,skim,,1.2,49,10,APC,L8-2044,rpoB,Complete,Thu Jul 07 00:00:00 EDT 2022,Tue Jul 12 00:00:00 EDT 2022,Wed Jul 13 00:00:00 EDT 2022,104,,,,16S,,Microbacterium,sp.,,positive,"did 16S instead of rpoB since colonies were yellow or looked like yeast (pink), amplified 9/1/22",
MF3-1.2-D49-Skim-10C-2,3,skim,,1.2,49,10,APC,L8-2045,rpoB,Complete,Thu Jul 07 00:00:00 EDT 2022,Tue Jul 12 00:00:00 EDT 2022,Wed Jul 13 00:00:00 EDT 2022,104,,,,16S,,Microbacterium,sp.,,positive,"did 16S instead of rpoB since colonies were yellow or looked like yeast (pink), amplified 9/1/22",
MF3-1.2-D49-Whole-10C-1,3,whole,,1.2,49,10,APC,L8-2046,rpoB- 16S,Re-do,Thu Jul 07 00:00:00 EDT 2022,Tue Jul 12 00:00:00 EDT 2022,Wed Jul 13 00:00:00 EDT 2022,,,,,,,Microbacterium,sp.,,positive,,
MF3-0.8-D56-Whole-3C-1,3,whole,,0.8,56,3,APC,L8-2047,rpoB,Complete,Thu Jul 07 00:00:00 EDT 2022,Tue Jul 12 00:00:00 EDT 2022,Wed Jul 13 00:00:00 EDT 2022,,,,,rpoB,,Paenibacillus,odorifer,16,positive,,
MF3-0.8-D56-Whole-3C-2,3,whole,,0.8,56,3,APC,L8-2048,rpoB- 16S,Yeast?,Thu Jul 07 00:00:00 EDT 2022,Tue Jul 12 00:00:00 EDT 2022,Wed Jul 13 00:00:00 EDT 2022,111,,,,,,,,,,"did 16S instead of rpoB since colonies were yellow or looked like yeast (pink), amplified 9/1/22- messy sequence, check for yeast",
MF3-0.8-D56-Whole-3C-3,3,whole,,0.8,56,3,APC,L8-2049,rpoB,Complete,Thu Jul 07 00:00:00 EDT 2022,Tue Jul 12 00:00:00 EDT 2022,Wed Jul 13 00:00:00 EDT 2022,112,,,,16S,,Microbacterium,sp.,,positive,did 16S instead of rpoB since colonies were yellow or looked like yeast (pink),
MF3-0.8-D56-Skim-6.5C-1,3,skim,,0.8,56,6.5,APC,L8-2050,rpoB,Complete,Thu Jul 07 00:00:00 EDT 2022,Tue Jul 12 00:00:00 EDT 2022,Wed Jul 13 00:00:00 EDT 2022,113,,,,16S,,Microbacterium,sp.,,positive,did 16S instead of rpoB since colonies were yellow or looked like yeast (pink),
MF3-0.8-D56-Whole-6.5C-1,3,whole,,0.8,56,6.5,APC,L8-2051,rpoB,Complete,Thu Jul 07 00:00:00 EDT 2022,Tue Jul 12 00:00:00 EDT 2022,Wed Jul 13 00:00:00 EDT 2022,114,,,,16S,,Microbacterium,sp.,,positive,did 16S instead of rpoB since colonies were yellow or looked like yeast (pink),
MF3-0.8-D56-Whole-6.5C-2,3,whole,,0.8,56,6.5,APC,L8-2052,rpoB- 16S,Re-do,Thu Jul 07 00:00:00 EDT 2022,Tue Jul 12 00:00:00 EDT 2022,Wed Jul 13 00:00:00 EDT 2022,,,,,,,Microbacterium,sp.,,positive,,
MF3-0.8-D56-Whole-10C-1,3,whole,,0.8,56,10,APC,L8-2053,rpoB,Complete,Thu Jul 07 00:00:00 EDT 2022,Tue Jul 12 00:00:00 EDT 2022,Wed Jul 13 00:00:00 EDT 2022,114,,,,16S,,Microbacterium,sp.,,positive,"did 16S instead of rpoB since colonies were yellow or looked like yeast (pink), amplified 9/1",
MF3-0.8-D56-Whole-10C-2,3,whole,,0.8,56,10,APC,L8-2054,rpoB- 16S,Re-do,Thu Jul 07 00:00:00 EDT 2022,Tue Jul 12 00:00:00 EDT 2022,Wed Jul 13 00:00:00 EDT 2022,,,,,,,Microbacterium,sp.,,positive,,
MF3-1.2-D56-Skim-10C-1,3,skim,,1.2,56,10,APC,L8-2055,rpoB- 16S,Re-do,Thu Jul 07 00:00:00 EDT 2022,Tue Jul 12 00:00:00 EDT 2022,Wed Jul 13 00:00:00 EDT 2022,,,,,,,Microbacterium,sp.,,positive,,
MF3-1.2-D56-Skim-10C-2,3,skim,,1.2,56,10,APC,L8-2056,rpoB- 16S,Re-do,Thu Jul 07 00:00:00 EDT 2022,Tue Jul 12 00:00:00 EDT 2022,Wed Jul 13 00:00:00 EDT 2022,,,,,,,,,,,,
MF3-1.2-D63-Skim-3C-1,3,skim,,1.2,63,3,APC,L8-2057,rpoB- 16S,Yeast?,Thu Jul 07 00:00:00 EDT 2022,Tue Jul 12 00:00:00 EDT 2022,Wed Jul 13 00:00:00 EDT 2022,116,,,,,,,,,,"did 16S instead of rpoB since colonies were yellow or looked like yeast (pink), pink colonies, failed 16S",
MF3-1.2-D63-Whole-3C-1,3,whole,,1.2,63,3,APC,L8-2058,rpoB,Complete,Thu Jul 07 00:00:00 EDT 2022,Tue Jul 12 00:00:00 EDT 2022,Wed Jul 13 00:00:00 EDT 2022,,,,,rpoB,,Bacillus,cereus s.s.,277,positive,,error
MF3-0.8-D63-Skim-10C-1,3,skim,,0.8,63,10,APC,L8-2059,rpoB,Complete,Thu Jul 07 00:00:00 EDT 2022,Tue Jul 12 00:00:00 EDT 2022,Wed Jul 13 00:00:00 EDT 2022,114,,,,16S,,Microbacterium,sp.,,positive,"did 16S instead of rpoB since colonies were yellow or looked like yeast (pink), amplified 9/1/22",ppc
MF3-0.8-D63-Whole-10C-1,3,whole,,0.8,63,10,APC,L8-2060,rpoB,Complete,Thu Jul 07 00:00:00 EDT 2022,Tue Jul 12 00:00:00 EDT 2022,Wed Jul 13 00:00:00 EDT 2022,,,,,rpoB,,Paenibacillus,odorifer,15,positive,,
MF3-0.8-D63-Whole-10C-2,3,whole,,0.8,63,10,APC,L8-2061,rpoB,Complete,Thu Jul 07 00:00:00 EDT 2022,Tue Jul 12 00:00:00 EDT 2022,Wed Jul 13 00:00:00 EDT 2022,,,,,rpoB,,Bacillus,cereus s.s.,158,positive,,
MF3-0.8-D63-Whole-10C-3,3,whole,,0.8,63,10,APC,L8-2062,rpoB,Complete,Thu Jul 07 00:00:00 EDT 2022,Tue Jul 12 00:00:00 EDT 2022,Wed Jul 13 00:00:00 EDT 2022,114,,,,16S,,Microbacterium,sp.,,positive,"did 16S instead of rpoB since colonies were yellow or looked like yeast (pink), amplified 9/1/22",
MF3-0.8-D63-Whole-10C-4,3,whole,,0.8,63,10,APC,L8-2063,rpoB,Complete,Thu Jul 07 00:00:00 EDT 2022,Tue Jul 12 00:00:00 EDT 2022,Wed Jul 13 00:00:00 EDT 2022,,,,,rpoB,,Paenibacillus,odorifer,15,positive,,
MF3-1.2-D63-Skim-10C-1,3,skim,,1.2,63,10,APC,L8-2064,rpoB- 16S,Re-do,Thu Jul 07 00:00:00 EDT 2022,Tue Jul 12 00:00:00 EDT 2022,Wed Jul 13 00:00:00 EDT 2022,,,,,,,Microbacterium,sp.,,positive,,
MF3-1.2-D63-Skim-10C-2,3,skim,,1.2,63,10,APC,L8-2065,rpoB- 16S,Re-do,Thu Jul 07 00:00:00 EDT 2022,Tue Jul 12 00:00:00 EDT 2022,Wed Jul 13 00:00:00 EDT 2022,,,,,,,Staphylococcus,sp.,,positive,,
MF3-1.2-D63-Whole-10C-1,3,whole,,1.2,63,10,APC,L8-2066,rpoB,Complete,Thu Jul 07 00:00:00 EDT 2022,Tue Jul 12 00:00:00 EDT 2022,Wed Jul 13 00:00:00 EDT 2022,,,,,rpoB,,Bacillus,pumilus,62,positive,,
MF2-1.2-D42-6.5C-Skim-1,2,skim,,1.2,42,6.5,APC,L8-2111,rpoB,Complete,Thu Jul 07 00:00:00 EDT 2022,Tue Jul 12 00:00:00 EDT 2022,Wed Jul 13 00:00:00 EDT 2022,114,,,,16S,,Microbacterium,sp.,,positive,"enzymatic lysis performed since it aligned with freezing down, failed rpoB, amplified with 16S 9/1",
MF3-RawWhole-MSC-3,3,rawwhole,Raw Milk,,0,,MSC,L8-2112,rpoB,Complete,Tue Jun 21 00:00:00 EDT 2022,Wed Jun 22 00:00:00 EDT 2022,Wed Jun 29 00:00:00 EDT 2022,2,,Fri Jul 01 00:00:00 EDT 2022,Tue Jul 05 00:00:00 EDT 2022,rpoB,,Bacillus,licheniformis,9,positive,enzymatic lysis performed since it aligned with freezing down,
MF3-1.2-RawSkim-MSC-1,3,rawskim,Raw Skim,1.2,,,MSC,L8-2113,rpoB,Complete,Tue Jun 21 00:00:00 EDT 2022,Wed Jun 22 00:00:00 EDT 2022,Wed Jun 29 00:00:00 EDT 2022,3,,Fri Jul 01 00:00:00 EDT 2022,Tue Jul 05 00:00:00 EDT 2022,rpoB,,Staphylococcus,pseudintermedius (top hit),,positive,not going to assign an AT since Staph is not a sporeformer,
MF3-1.2-RawSkim-MSC-12,3,rawskim,Raw Skim,1.2,0,,MSC,L8-2114,rpoB,Complete,Tue Jun 21 00:00:00 EDT 2022,Wed Jun 22 00:00:00 EDT 2022,Wed Jun 29 00:00:00 EDT 2022,4,,Fri Jul 01 00:00:00 EDT 2022,Tue Jul 05 00:00:00 EDT 2022,rpoB,,Bacillus,licheniformis,1,positive,enzymatic lysis performed since it aligned with freezing down,
MF3-1.2-RawSkim-PSC-3,3,rawskim,Raw Skim,1.2,0,,PSC,L8-2115,rpoB,Complete,Tue Jun 21 00:00:00 EDT 2022,Wed Jun 22 00:00:00 EDT 2022,Wed Jun 29 00:00:00 EDT 2022,5,,Fri Jul 01 00:00:00 EDT 2022,Tue Jul 05 00:00:00 EDT 2022,rpoB,,Paenibacillus,xylanivorans,1944,positive,raw sequence in 7.13.22 file (for Ahmed),
MF4-0.8-RawSkim-MSC-1,4,rawskim,Raw Skim,0.8,,,MSC,L8-2116,rpoB,Complete,Tue Jun 21 00:00:00 EDT 2022,Wed Jun 22 00:00:00 EDT 2022,Wed Jun 29 00:00:00 EDT 2022,6,,Fri Jul 01 00:00:00 EDT 2022,Tue Jul 05 00:00:00 EDT 2022,rpoB,,Bacillus,licheniformis,6,positive,enzymatic lysis performed since it aligned with freezing down,
MF4-0.8-RawSkim-MSC-2,4,rawskim,Raw Skim,0.8,0,,MSC,L8-2117,rpoB,Complete,Tue Jun 21 00:00:00 EDT 2022,Wed Jun 22 00:00:00 EDT 2022,Wed Jun 29 00:00:00 EDT 2022,7,,Fri Jul 01 00:00:00 EDT 2022,Tue Jul 05 00:00:00 EDT 2022,rpoB,,Bacillus,licheniformis,6,positive,enzymatic lysis performed since it aligned with freezing down,
MF4-0.8-RawSkim-MSC-3,4,rawskim,Raw Skim,0.8,0,,MSC,L8-2118,rpoB,Complete,Tue Jun 21 00:00:00 EDT 2022,Wed Jun 22 00:00:00 EDT 2022,Wed Jun 29 00:00:00 EDT 2022,8,,Fri Jul 01 00:00:00 EDT 2022,Tue Jul 05 00:00:00 EDT 2022,rpoB,,Bacillus,licheniformis,1,positive,enzymatic lysis performed since it aligned with freezing down,
MF4-0.8-RawSkim-MSC-4,4,rawskim,Raw Skim,0.8,0,,MSC,L8-2119,rpoB,Complete,Tue Jun 21 00:00:00 EDT 2022,Wed Jun 22 00:00:00 EDT 2022,Wed Jun 29 00:00:00 EDT 2022,9,,Fri Jul 01 00:00:00 EDT 2022,Tue Jul 05 00:00:00 EDT 2022,rpoB,,Bacillus,velezensis,360,positive,enzymatic lysis performed since it aligned with freezing down,
MF4-0.8-RawSkim-MSC-5,4,rawskim,Raw Skim,0.8,0,,MSC,L8-2120,rpoB,Complete,Tue Jun 21 00:00:00 EDT 2022,Wed Jun 22 00:00:00 EDT 2022,Wed Jun 29 00:00:00 EDT 2022,10,,Fri Jul 01 00:00:00 EDT 2022,Tue Jul 05 00:00:00 EDT 2022,rpoB,,Bacillus,licheniformis,1,positive,enzymatic lysis performed since it aligned with freezing down,
MF4-0.8-RawSkim-MSC-6,4,rawskim,Raw Skim,0.8,0,,MSC,L8-2121,rpoB,Complete,Tue Jun 21 00:00:00 EDT 2022,Wed Jun 22 00:00:00 EDT 2022,Wed Jun 29 00:00:00 EDT 2022,11,,Fri Jul 01 00:00:00 EDT 2022,Tue Jul 05 00:00:00 EDT 2022,rpoB,,Bacillus,licheniformis,6,positive,enzymatic lysis performed since it aligned with freezing down,
MF4-0.8-RawSkim-MSC-7,4,rawskim,Raw Skim,0.8,0,,MSC,L8-2122,rpoB,Complete,Tue Jun 21 00:00:00 EDT 2022,Wed Jun 22 00:00:00 EDT 2022,Wed Jun 29 00:00:00 EDT 2022,12,,Fri Jul 01 00:00:00 EDT 2022,Tue Jul 05 00:00:00 EDT 2022,rpoB,,Bacillus,licheniformis,6,positive,enzymatic lysis performed since it aligned with freezing down,
MF4-0.8-RawSkim-MSC-8,4,rawskim,Raw Skim,0.8,0,,MSC,L8-2123,rpoB,Complete,Tue Jun 21 00:00:00 EDT 2022,Wed Jun 22 00:00:00 EDT 2022,Wed Jun 29 00:00:00 EDT 2022,13,,Fri Jul 01 00:00:00 EDT 2022,Tue Jul 05 00:00:00 EDT 2022,rpoB,,Bacillus,licheniformis,1,positive,enzymatic lysis performed since it aligned with freezing down,
MF4-0.8-RawSkim-MSC-9,4,rawskim,Raw Skim,0.8,0,,MSC,L8-2124,rpoB,Complete,Tue Jun 21 00:00:00 EDT 2022,Wed Jun 22 00:00:00 EDT 2022,Wed Jun 29 00:00:00 EDT 2022,14,,Fri Jul 01 00:00:00 EDT 2022,Tue Jul 05 00:00:00 EDT 2022,rpoB,,Bacillus,safensis,378,positive,enzymatic lysis performed since it aligned with freezing down,
MF4-0.8-RawCream-MSC-1,4,rawcream,Raw Cream,0.8,,,MSC,L8-2125,rpoB,Complete,Tue Jun 21 00:00:00 EDT 2022,Wed Jun 22 00:00:00 EDT 2022,Wed Jun 29 00:00:00 EDT 2022,15,,Fri Jul 01 00:00:00 EDT 2022,Tue Jul 05 00:00:00 EDT 2022,rpoB,,Bacillus,licheniformis,1,positive,enzymatic lysis performed since it aligned with freezing down,
MF4-0.8-RawCream-MSC-2,4,rawcream,Raw Cream,0.8,0,,MSC,L8-2126,rpoB,Complete,Tue Jun 21 00:00:00 EDT 2022,Wed Jun 22 00:00:00 EDT 2022,Wed Jun 29 00:00:00 EDT 2022,16,,Fri Jul 01 00:00:00 EDT 2022,Tue Jul 05 00:00:00 EDT 2022,rpoB,,Bacillus,licheniformis,1,positive,enzymatic lysis performed since it aligned with freezing down,
MF4-0.8-RawCream-MSC-3,4,rawcream,Raw Cream,0.8,0,,MSC,L8-2127,rpoB,Complete,Tue Jun 21 00:00:00 EDT 2022,Wed Jun 22 00:00:00 EDT 2022,Wed Jun 29 00:00:00 EDT 2022,17,,Fri Jul 01 00:00:00 EDT 2022,Tue Jul 05 00:00:00 EDT 2022,rpoB,,Bacillus,licheniformis,1,positive,enzymatic lysis performed since it aligned with freezing down,
MF4-RawWhole-PSC-1,4,rawwhole,Raw Milk,,0,,PSC,L8-2128,rpoB,Complete,Tue Jun 21 00:00:00 EDT 2022,Wed Jun 22 00:00:00 EDT 2022,Wed Jun 29 00:00:00 EDT 2022,18,,Fri Jul 01 00:00:00 EDT 2022,Tue Jul 05 00:00:00 EDT 2022,rpoB,,Paenibacillus,peoriae cf.,179,positive,enzymatic lysis performed since it aligned with freezing down,
MF4-0.8-RawSkim-PSC-2,4,rawskim,Raw Skim,0.8,0,,PSC,L8-2129,rpoB,Complete,Tue Jun 21 00:00:00 EDT 2022,Wed Jun 22 00:00:00 EDT 2022,Wed Jun 29 00:00:00 EDT 2022,19,,Fri Jul 01 00:00:00 EDT 2022,Tue Jul 05 00:00:00 EDT 2022,rpoB,,Bacillus,pumilus,20,positive,enzymatic lysis performed since it aligned with freezing down,
MF4-0.8-RawCream-PSC-1,4,rawcream,Raw Cream,0.8,,,PSC,L8-2130,rpoB,Complete,Tue Jun 21 00:00:00 EDT 2022,Wed Jun 22 00:00:00 EDT 2022,Wed Jun 29 00:00:00 EDT 2022,20,,Fri Jul 01 00:00:00 EDT 2022,Tue Jul 05 00:00:00 EDT 2022,rpoB,,Sporosarcina,psychrophila,322,positive,enzymatic lysis performed since it aligned with freezing down,
MF4-0.8-RawCream-PSC-2,4,rawcream,Raw Cream,0.8,0,,PSC,L8-2131,rpoB,Complete,Tue Jun 21 00:00:00 EDT 2022,Wed Jun 22 00:00:00 EDT 2022,Wed Jun 29 00:00:00 EDT 2022,21,,Fri Jul 01 00:00:00 EDT 2022,Tue Jul 05 00:00:00 EDT 2022,rpoB,,Sporosarcina,newyorkensis,292,positive,enzymatic lysis performed since it aligned with freezing down,
MF4-1.2-RawSkim-PSC-1,4,rawskim,Raw Skim,1.2,,,PSC,L8-2132,rpoB,Complete,Tue Jun 21 00:00:00 EDT 2022,Wed Jun 22 00:00:00 EDT 2022,Wed Jun 29 00:00:00 EDT 2022,22,,Fri Jul 01 00:00:00 EDT 2022,Tue Jul 05 00:00:00 EDT 2022,rpoB,,Paenibacillus,sp. 1,1946,positive,raw sequence in 7.13.22 file (for Ahmed),
MF4-1.2-RawSkim-PSC-2,4,rawskim,Raw Skim,1.2,0,,PSC,L8-2133,rpoB,Complete,Tue Jun 21 00:00:00 EDT 2022,Wed Jun 22 00:00:00 EDT 2022,Wed Jun 29 00:00:00 EDT 2022,23,,Fri Jul 01 00:00:00 EDT 2022,Tue Jul 05 00:00:00 EDT 2022,rpoB,,Paenibacillus,amylolyticus s.l.,502,positive,enzymatic lysis performed since it aligned with freezing down,
MF4-1.2-RawSkim-PSC-3,4,rawskim,Raw Skim,1.2,0,,PSC,L8-2134,rpoB,Complete,Tue Jun 21 00:00:00 EDT 2022,Wed Jun 22 00:00:00 EDT 2022,Wed Jun 29 00:00:00 EDT 2022,24,,Fri Jul 01 00:00:00 EDT 2022,Tue Jul 05 00:00:00 EDT 2022,rpoB,,Paenibacillus,anaericanus,1949,positive,raw sequence in 7.13.22 file (for Ahmed),
MF4-1.2-RawSkim-PSC-4,4,rawskim,Raw Skim,1.2,0,,PSC,L8-2135,rpoB,Complete,Tue Jun 21 00:00:00 EDT 2022,Wed Jun 22 00:00:00 EDT 2022,Wed Jun 29 00:00:00 EDT 2022,25,,Fri Jul 01 00:00:00 EDT 2022,Tue Jul 05 00:00:00 EDT 2022,rpoB,,Paenibacillus,peoriae cf.,199,positive,enzymatic lysis performed since it aligned with freezing down,
MF4-1.2-RawSkim-PSC-5,4,rawskim,Raw Skim,1.2,0,,PSC,L8-2136,rpoB,Complete,Tue Jun 21 00:00:00 EDT 2022,Wed Jun 22 00:00:00 EDT 2022,Wed Jun 29 00:00:00 EDT 2022,26,,Fri Jul 01 00:00:00 EDT 2022,Tue Jul 05 00:00:00 EDT 2022,rpoB,,Paenibacillus,odorifer,74,positive,enzymatic lysis performed since it aligned with freezing down,
MF4-0.8-MFSkim-MSC-2,4,MFskim,MF Skim,0.8,0,,MSC,L8-2137,rpoB,Complete,Tue Jun 21 00:00:00 EDT 2022,Wed Jun 22 00:00:00 EDT 2022,Wed Jun 29 00:00:00 EDT 2022,27,,Fri Jul 01 00:00:00 EDT 2022,Tue Jul 05 00:00:00 EDT 2022,rpoB,,Bacillus,safensis,140,positive,enzymatic lysis performed since it aligned with freezing down,
MF4-0.8-MFSkim-MSC-3,4,MFskim,MF Skim,0.8,0,,MSC,L8-2138,rpoB,Complete,Tue Jun 21 00:00:00 EDT 2022,Wed Jun 22 00:00:00 EDT 2022,Wed Jun 29 00:00:00 EDT 2022,28,,Fri Jul 01 00:00:00 EDT 2022,Tue Jul 05 00:00:00 EDT 2022,rpoB,,Bacillus,safensis,140,positive,enzymatic lysis performed since it aligned with freezing down,
MF4-0.8-MFSkim-MSC-4,4,MFskim,MF Skim,0.8,0,,MSC,L8-2139,rpoB,Complete,Tue Jun 21 00:00:00 EDT 2022,Wed Jun 22 00:00:00 EDT 2022,Wed Jun 29 00:00:00 EDT 2022,29,,Fri Jul 01 00:00:00 EDT 2022,Tue Jul 05 00:00:00 EDT 2022,rpoB,,Bacillus,safensis,140,positive,enzymatic lysis performed since it aligned with freezing down,
MF4-0.8-MFSkim-MSC-5,4,MFskim,MF Skim,0.8,0,,MSC,L8-2140,rpoB,Complete,Tue Jun 21 00:00:00 EDT 2022,Wed Jun 22 00:00:00 EDT 2022,Wed Jun 29 00:00:00 EDT 2022,30,,Fri Jul 01 00:00:00 EDT 2022,Tue Jul 05 00:00:00 EDT 2022,rpoB,,Bacillus,safensis,140,positive,enzymatic lysis performed since it aligned with freezing down,
MF4-0.8-MFSkim-MSC-6,4,MFskim,MF Skim,0.8,0,,MSC,L8-2141,rpoB,Complete,Tue Jun 21 00:00:00 EDT 2022,Wed Jun 22 00:00:00 EDT 2022,Wed Jun 29 00:00:00 EDT 2022,31,,Fri Jul 01 00:00:00 EDT 2022,Tue Jul 05 00:00:00 EDT 2022,rpoB,,Bacillus,safensis,140,positive,enzymatic lysis performed since it aligned with freezing down,
MF4-0.8-MFSkim-MSC-7,4,MFskim,MF Skim,0.8,0,,MSC,L8-2142,rpoB,Complete,Tue Jun 21 00:00:00 EDT 2022,Wed Jun 22 00:00:00 EDT 2022,Wed Jun 29 00:00:00 EDT 2022,32,,Fri Jul 01 00:00:00 EDT 2022,Tue Jul 05 00:00:00 EDT 2022,rpoB,,Bacillus,safensis,140,positive,enzymatic lysis performed since it aligned with freezing down,
MF4-0.8-MFSkim-MSC-8,4,MFskim,MF Skim,0.8,0,,MSC,L8-2143,rpoB,Complete,Tue Jun 21 00:00:00 EDT 2022,Wed Jun 22 00:00:00 EDT 2022,Wed Jun 29 00:00:00 EDT 2022,33,,Fri Jul 01 00:00:00 EDT 2022,Tue Jul 05 00:00:00 EDT 2022,rpoB,,Bacillus,safensis,140,positive,enzymatic lysis performed since it aligned with freezing down,
MF4-0.8-MFSkim-MSC-9,4,MFskim,MF Skim,0.8,0,,MSC,L8-2144,rpoB,Complete,Tue Jun 21 00:00:00 EDT 2022,Wed Jun 22 00:00:00 EDT 2022,Wed Jun 29 00:00:00 EDT 2022,34,,Fri Jul 01 00:00:00 EDT 2022,Tue Jul 05 00:00:00 EDT 2022,rpoB,,Bacillus,safensis,140,positive,enzymatic lysis performed since it aligned with freezing down,
MF4-0.8-MFSkim-MSC-10,4,MFskim,MF Skim,0.8,0,,MSC,L8-2145,rpoB,Complete,Tue Jun 21 00:00:00 EDT 2022,Wed Jun 22 00:00:00 EDT 2022,Wed Jun 29 00:00:00 EDT 2022,35,,Fri Jul 01 00:00:00 EDT 2022,Tue Jul 05 00:00:00 EDT 2022,rpoB,,Bacillus,safensis,140,positive,enzymatic lysis performed since it aligned with freezing down,
MF4-0.8-MFSkim-MSC-11,4,MFskim,MF Skim,0.8,0,,MSC,L8-2146,rpoB,Complete,Tue Jun 21 00:00:00 EDT 2022,Wed Jun 22 00:00:00 EDT 2022,Wed Jun 29 00:00:00 EDT 2022,36,,Fri Jul 01 00:00:00 EDT 2022,Tue Jul 05 00:00:00 EDT 2022,rpoB,,Bacillus,safensis,140,positive,enzymatic lysis performed since it aligned with freezing down,
MF4-RawWhole-MSC-1,4,rawwhole,Raw Milk,,0,,MSC,L8-2147,rpoB,Complete,Tue Jun 21 00:00:00 EDT 2022,Wed Jun 22 00:00:00 EDT 2022,Wed Jun 29 00:00:00 EDT 2022,37,,Fri Jul 01 00:00:00 EDT 2022,Tue Jul 05 00:00:00 EDT 2022,rpoB,,Bacillus,licheniformis,1,positive,enzymatic lysis performed since it aligned with freezing down,
MF4-RawWhole-MSC-2,4,rawwhole,Raw Milk,,0,,MSC,L8-2148,rpoB,Complete,Tue Jun 21 00:00:00 EDT 2022,Wed Jun 22 00:00:00 EDT 2022,Wed Jun 29 00:00:00 EDT 2022,38,,Fri Jul 01 00:00:00 EDT 2022,Tue Jul 05 00:00:00 EDT 2022,rpoB,,Bacillus,licheniformis,6,positive,enzymatic lysis performed since it aligned with freezing down,
MF4-RawWhole-MSC-3,4,rawwhole,Raw Milk,,0,,MSC,L8-2149,rpoB,Complete,Tue Jun 21 00:00:00 EDT 2022,Wed Jun 22 00:00:00 EDT 2022,Wed Jun 29 00:00:00 EDT 2022,39,,Fri Jul 01 00:00:00 EDT 2022,Tue Jul 05 00:00:00 EDT 2022,rpoB,,Bacillus,subtilis sl.1. Clade1_subtilis_murimartini,66,positive,enzymatic lysis performed since it aligned with freezing down,
MF4-RawWhole-MSC-4,4,rawwhole,Raw Milk,,0,,MSC,L8-2150,rpoB,Re-do,Tue Jun 21 00:00:00 EDT 2022,Wed Jun 22 00:00:00 EDT 2022,Tue Jul 05 00:00:00 EDT 2022,40,8,,,16S,,Bacillus,sp.,,positive,"enzymatic lysis performed since it aligned with freezing down, amplified 9/1",
MF4-RawWhole-MSC-5,4,rawwhole,Raw Milk,,0,,MSC,L8-2151,rpoB,Re-do,Tue Jun 21 00:00:00 EDT 2022,Wed Jun 22 00:00:00 EDT 2022,Tue Jul 05 00:00:00 EDT 2022,41,8,,,16S,,Bacillus,sp.,,positive,enzymatic lysis performed since it aligned with freezing down,
MF4-RawWhole-MSC-6,4,rawwhole,Raw Milk,,0,,MSC,L8-2152,rpoB,Complete,Tue Jun 21 00:00:00 EDT 2022,Wed Jun 22 00:00:00 EDT 2022,Wed Jun 29 00:00:00 EDT 2022,42,,Fri Jul 01 00:00:00 EDT 2022,Tue Jul 05 00:00:00 EDT 2022,rpoB,,Bacillus,cereus s.s.,277,positive,enzymatic lysis performed since it aligned with freezing down,
MF4-RawWhole-MSC-7,4,rawwhole,Raw Milk,,0,,MSC,L8-2153,rpoB,Complete,Tue Jun 21 00:00:00 EDT 2022,Wed Jun 22 00:00:00 EDT 2022,Wed Jun 29 00:00:00 EDT 2022,43,,Fri Jul 01 00:00:00 EDT 2022,Tue Jul 05 00:00:00 EDT 2022,rpoB,,Bacillus,licheniformis,1,positive,enzymatic lysis performed since it aligned with freezing down,
MF4-RawWhole-MSC-8,4,rawwhole,Raw Milk,,0,,MSC,L8-2154,rpoB,Complete,Tue Jun 21 00:00:00 EDT 2022,Wed Jun 22 00:00:00 EDT 2022,Wed Jun 29 00:00:00 EDT 2022,44,,Fri Jul 01 00:00:00 EDT 2022,Tue Jul 05 00:00:00 EDT 2022,rpoB,,Paenibacillus,polymyxa,503,positive,enzymatic lysis performed since it aligned with freezing down,
MF4-RawWhole-MSC-9,4,rawwhole,Raw Milk,,0,,MSC,L8-2155,rpoB,Complete,Tue Jun 21 00:00:00 EDT 2022,Wed Jun 22 00:00:00 EDT 2022,Wed Jun 29 00:00:00 EDT 2022,45,,Fri Jul 01 00:00:00 EDT 2022,Tue Jul 05 00:00:00 EDT 2022,rpoB,,Bacillus,licheniformis,1,positive,enzymatic lysis performed since it aligned with freezing down,
MF4-RawSkim-MSC-1,4,rawskim,Raw Skim,,0,,MSC,L8-2156,rpoB,Complete,Tue Jun 21 00:00:00 EDT 2022,Wed Jun 22 00:00:00 EDT 2022,Wed Jun 29 00:00:00 EDT 2022,46,,Fri Jul 01 00:00:00 EDT 2022,Tue Jul 05 00:00:00 EDT 2022,rpoB,,Bacillus,licheniformis,1,positive,enzymatic lysis performed since it aligned with freezing down,
MF4-RawSkim-MSC-2,4,rawskim,Raw Skim,,0,,MSC,L8-2157,rpoB,Complete,Tue Jun 21 00:00:00 EDT 2022,Wed Jun 22 00:00:00 EDT 2022,Wed Jun 29 00:00:00 EDT 2022,47,,Fri Jul 01 00:00:00 EDT 2022,Tue Jul 05 00:00:00 EDT 2022,rpoB,,Bacillus,licheniformis,1,positive,enzymatic lysis performed since it aligned with freezing down,
MF4-RawSkim-MSC-3,4,rawskim,Raw Skim,,0,,MSC,L8-2158,rpoB,Complete,Tue Jun 21 00:00:00 EDT 2022,Wed Jun 22 00:00:00 EDT 2022,Wed Jun 29 00:00:00 EDT 2022,48,,Fri Jul 01 00:00:00 EDT 2022,Tue Jul 05 00:00:00 EDT 2022,rpoB,,Bacillus,safensis,124,positive,enzymatic lysis performed since it aligned with freezing down,
MF4-RawSkim-MSC-4,4,rawskim,Raw Skim,,0,,MSC,L8-2159,rpoB,Complete,Tue Jun 21 00:00:00 EDT 2022,Wed Jun 22 00:00:00 EDT 2022,Wed Jun 29 00:00:00 EDT 2022,49,,Fri Jul 01 00:00:00 EDT 2022,Tue Jul 05 00:00:00 EDT 2022,rpoB,,Bacillus,licheniformis,1,positive,enzymatic lysis performed since it aligned with freezing down,
MF4-RawSkim-MSC-5,4,rawskim,Raw Skim,,0,,MSC,L8-2160,rpoB,Complete,Tue Jun 21 00:00:00 EDT 2022,Wed Jun 22 00:00:00 EDT 2022,Wed Jun 29 00:00:00 EDT 2022,50,,Fri Jul 01 00:00:00 EDT 2022,Tue Jul 05 00:00:00 EDT 2022,rpoB,,Bacillus,safensis,235,positive,enzymatic lysis performed since it aligned with freezing down,
MF4-RawSkim-MSC-6,4,rawskim,Raw Skim,,0,,MSC,L8-2161,rpoB,Complete,Tue Jun 21 00:00:00 EDT 2022,Wed Jun 22 00:00:00 EDT 2022,Wed Jun 29 00:00:00 EDT 2022,51,,Fri Jul 01 00:00:00 EDT 2022,Tue Jul 05 00:00:00 EDT 2022,rpoB,,Bacillus,licheniformis,1,positive,enzymatic lysis performed since it aligned with freezing down,
MF4-RawSkim-MSC-7,4,rawskim,Raw Skim,,0,,MSC,L8-2162,rpoB,Complete,Tue Jun 21 00:00:00 EDT 2022,Wed Jun 22 00:00:00 EDT 2022,Wed Jun 29 00:00:00 EDT 2022,52,,Fri Jul 01 00:00:00 EDT 2022,Tue Jul 05 00:00:00 EDT 2022,rpoB,,Bacillus,licheniformis,6,positive,enzymatic lysis performed since it aligned with freezing down,
MF4-RawSkim-MSC-8,4,rawskim,Raw Skim,,0,,MSC,L8-2163,rpoB,Complete,Tue Jun 21 00:00:00 EDT 2022,Wed Jun 22 00:00:00 EDT 2022,Wed Jun 29 00:00:00 EDT 2022,53,,Fri Jul 01 00:00:00 EDT 2022,Tue Jul 05 00:00:00 EDT 2022,rpoB,,Paenibacillus,lactis,139,positive,enzymatic lysis performed since it aligned with freezing down,
MF4-RawSkim-MSC-9,4,rawskim,Raw Skim,,0,,MSC,L8-2164,rpoB,Complete,Tue Jun 21 00:00:00 EDT 2022,Wed Jun 22 00:00:00 EDT 2022,Wed Jun 29 00:00:00 EDT 2022,54,,Fri Jul 01 00:00:00 EDT 2022,Tue Jul 05 00:00:00 EDT 2022,rpoB,,Bacillus,licheniformis,6,positive,enzymatic lysis performed since it aligned with freezing down,
MF4-0.8-MFSkim-MSC-1,4,MFskim,MF Skim,0.8,,,MSC,L8-2165,rpoB,Complete,Tue Jun 21 00:00:00 EDT 2022,Wed Jun 22 00:00:00 EDT 2022,Wed Jun 29 00:00:00 EDT 2022,55,,Fri Jul 01 00:00:00 EDT 2022,Tue Jul 05 00:00:00 EDT 2022,rpoB,,Bacillus,safensis,140,positive,enzymatic lysis performed since it aligned with freezing down,
MF4-0.8-MFSkim-MSC-2,4,MFskim,MF Skim,0.8,0,,MSC,L8-2166,rpoB,Complete,Tue Jun 21 00:00:00 EDT 2022,Wed Jun 22 00:00:00 EDT 2022,Wed Jun 29 00:00:00 EDT 2022,56,,Fri Jul 01 00:00:00 EDT 2022,Tue Jul 05 00:00:00 EDT 2022,rpoB,,Bacillus,safensis,140,positive,enzymatic lysis performed since it aligned with freezing down,
MF4-PreRawSkim-APC-1,4,PreRawSkim,Raw Skim,,0,,APC,L8-2167,16S,Complete,Tue Jun 21 00:00:00 EDT 2022,Wed Jun 22 00:00:00 EDT 2022,Wed Jun 29 00:00:00 EDT 2022,1,,Fri Jul 01 00:00:00 EDT 2022,Tue Jul 05 00:00:00 EDT 2022,16S,,Microbacterium,sp.,,positive,enzymatic lysis performed since it aligned with freezing down,
MF4-PreRawSkim-APC-2,4,PreRawSkim,Raw Skim,,0,,APC,L8-2168,16S,Complete,Tue Jun 21 00:00:00 EDT 2022,Wed Jun 22 00:00:00 EDT 2022,Wed Jun 29 00:00:00 EDT 2022,2,,Fri Jul 01 00:00:00 EDT 2022,Tue Jul 05 00:00:00 EDT 2022,16S,,Enterococcus,sp.,,positive,enzymatic lysis performed since it aligned with freezing down,
MF4-1.2-RawSkim-APC-1,4,rawskim,Raw Skim,1.2,,,APC,L8-2169,16S,Complete,Tue Jun 21 00:00:00 EDT 2022,Wed Jun 22 00:00:00 EDT 2022,Tue Jul 05 00:00:00 EDT 2022,3,9,,,16S,,Bacillus,sp.,,positive,"enzymatic lysis performed since it aligned with freezing down, amplified 9/1",
MF4-1.2-RawSkim-APC-2,4,rawskim,Raw Skim,1.2,0,,APC,L8-2170,16S,Complete,Tue Jun 21 00:00:00 EDT 2022,Wed Jun 22 00:00:00 EDT 2022,Wed Jun 29 00:00:00 EDT 2022,4,,Fri Jul 01 00:00:00 EDT 2022,Tue Jul 05 00:00:00 EDT 2022,16S,,Streptococcus,sp.,,positive,enzymatic lysis performed since it aligned with freezing down,
MF4-1.2-RawSkim-APC-3,4,rawskim,Raw Skim,1.2,0,,APC,L8-2171,16S,Complete,Tue Jun 21 00:00:00 EDT 2022,Wed Jun 22 00:00:00 EDT 2022,Wed Jun 29 00:00:00 EDT 2022,5,,Fri Jul 01 00:00:00 EDT 2022,Tue Jul 05 00:00:00 EDT 2022,16S,,Microbacterium,sp.,,positive,enzymatic lysis performed since it aligned with freezing down,
MF4-1.2-RawSkim-APC-4,4,rawskim,Raw Skim,1.2,0,,APC,L8-2172,16S,Complete,Tue Jun 21 00:00:00 EDT 2022,Wed Jun 22 00:00:00 EDT 2022,Wed Jun 29 00:00:00 EDT 2022,6,,Fri Jul 01 00:00:00 EDT 2022,Tue Jul 05 00:00:00 EDT 2022,16S,,Microbacterium,sp.,,positive,enzymatic lysis performed since it aligned with freezing down,
MF4-1.2-RawSkim-APC-5,4,rawskim,Raw Skim,1.2,0,,APC,L8-2173,16S,Complete,Tue Jun 21 00:00:00 EDT 2022,Wed Jun 22 00:00:00 EDT 2022,Wed Jun 29 00:00:00 EDT 2022,7,,Fri Jul 01 00:00:00 EDT 2022,Tue Jul 05 00:00:00 EDT 2022,16S,,Bacillus,sp.,,positive,enzymatic lysis performed since it aligned with freezing down,
MF4-RawWhole-APC-1,4,rawwhole,Raw Milk,,0,,APC,L8-2174,16S,Complete,Tue Jun 21 00:00:00 EDT 2022,Wed Jun 22 00:00:00 EDT 2022,Wed Jun 29 00:00:00 EDT 2022,8,,Fri Jul 01 00:00:00 EDT 2022,Tue Jul 05 00:00:00 EDT 2022,16S,Enterobacteriaceae,,,,negative,enzymatic lysis performed since it aligned with freezing down,
MF4-RawWhole-APC-2,4,rawwhole,Raw Milk,,0,,APC,L8-2175,16S,Complete,Tue Jun 21 00:00:00 EDT 2022,Wed Jun 22 00:00:00 EDT 2022,Wed Jun 29 00:00:00 EDT 2022,9,,Fri Jul 01 00:00:00 EDT 2022,Tue Jul 05 00:00:00 EDT 2022,16S,,Psychrobacter,sp.,,negative,enzymatic lysis performed since it aligned with freezing down,
MF4-RawWhole-APC-3,4,rawwhole,Raw Milk,,0,,APC,L8-2176,16S,Complete,Tue Jun 21 00:00:00 EDT 2022,Wed Jun 22 00:00:00 EDT 2022,Wed Jun 29 00:00:00 EDT 2022,10,,Fri Jul 01 00:00:00 EDT 2022,Tue Jul 05 00:00:00 EDT 2022,16S,Micrococcaceae,,,,positive,enzymatic lysis performed since it aligned with freezing down,
MF4-0.8-HTSTSkim-APC-1,4,skim,,0.8,,,APC,L8-2177,16S,Complete,Tue Jun 21 00:00:00 EDT 2022,Wed Jun 22 00:00:00 EDT 2022,Wed Jun 29 00:00:00 EDT 2022,11,,Fri Jul 01 00:00:00 EDT 2022,Tue Jul 05 00:00:00 EDT 2022,16S,,Bacillus,sp.,,positive,enzymatic lysis performed since it aligned with freezing down,
MF4-0.8-StdWhole-APC-1,4,stdwhole,Standardized,0.8,,,APC,L8-2178,16S,Complete,Tue Jun 21 00:00:00 EDT 2022,Wed Jun 22 00:00:00 EDT 2022,Wed Jun 29 00:00:00 EDT 2022,12,,Fri Jul 01 00:00:00 EDT 2022,Tue Jul 05 00:00:00 EDT 2022,16S,,Staphylococcus,sp.,,positive,enzymatic lysis performed since it aligned with freezing down,
MF4-0.8-StdWhole-APC-2,4,stdwhole,Standardized,0.8,0,,APC,L8-2179,16S,Complete,Tue Jun 21 00:00:00 EDT 2022,Wed Jun 22 00:00:00 EDT 2022,Wed Jun 29 00:00:00 EDT 2022,13,,Fri Jul 01 00:00:00 EDT 2022,Tue Jul 05 00:00:00 EDT 2022,16S,,Bacillus,sp.,,positive,enzymatic lysis performed since it aligned with freezing down,
MF4-0.8-MFSkim-APC-1,4,MFskim,MF Skim,0.8,,,APC,L8-2180,16S,Complete,Tue Jun 21 00:00:00 EDT 2022,Wed Jun 22 00:00:00 EDT 2022,Wed Jun 29 00:00:00 EDT 2022,14,,Fri Jul 01 00:00:00 EDT 2022,Tue Jul 05 00:00:00 EDT 2022,16S,,Bacillus,sp.,,positive,enzymatic lysis performed since it aligned with freezing down,
MF4-0.8-RawSkim-APC-1,4,rawskim,Raw Skim,0.8,,,APC,L8-2181,16S,Complete,Tue Jun 21 00:00:00 EDT 2022,Wed Jun 22 00:00:00 EDT 2022,Wed Jun 29 00:00:00 EDT 2022,15,,Fri Jul 01 00:00:00 EDT 2022,Tue Jul 05 00:00:00 EDT 2022,16S,,Bacillus,sp.,,positive,enzymatic lysis performed since it aligned with freezing down,
MF4-0.8-MFSkim-APC-2,4,MFskim,MF Skim,0.8,0,,APC,L8-2182,16S,Complete,Tue Jun 21 00:00:00 EDT 2022,Wed Jun 22 00:00:00 EDT 2022,Wed Jun 29 00:00:00 EDT 2022,16,,Fri Jul 01 00:00:00 EDT 2022,Tue Jul 05 00:00:00 EDT 2022,16S,,Microbacterium,sp.,,positive,enzymatic lysis performed since it aligned with freezing down,
MF4-0.8-RawSkim-APC-3,4,rawskim,Raw Skim,0.8,0,,APC,L8-2183,16S,Yeast?,Tue Jun 21 00:00:00 EDT 2022,Wed Jun 22 00:00:00 EDT 2022,Tue Jul 05 00:00:00 EDT 2022,17,10,,,,,,,,,"enzymatic lysis performed since it aligned with freezing down, failed 16S twice",
MF4-0.8-RawSkim-APC-5,4,rawskim,Raw Skim,0.8,0,,APC,L8-2184,16S,Complete,Tue Jun 21 00:00:00 EDT 2022,Wed Jun 22 00:00:00 EDT 2022,Tue Jul 05 00:00:00 EDT 2022,18,11,,,16S,Micrococcaceae,,,,positive,"enzymatic lysis performed since it aligned with freezing down, amplified 9/1",
MF4-0.8-HTSTWhole-APC-1,4,whole,,0.8,,,APC,L8-2185,rpoB,Complete,Tue Jun 21 00:00:00 EDT 2022,Wed Jun 22 00:00:00 EDT 2022,Wed Jun 29 00:00:00 EDT 2022,57,,Fri Jul 01 00:00:00 EDT 2022,Tue Jul 05 00:00:00 EDT 2022,rpoB,,Bacillus,safensis,140,positive,enzymatic lysis performed since it aligned with freezing down,
MF4-PreRawMilk-APC-1,4,rawwhole,Raw Milk,,0,,APC,L8-2186,16S,Complete,Tue Jun 21 00:00:00 EDT 2022,Wed Jun 22 00:00:00 EDT 2022,Wed Jun 29 00:00:00 EDT 2022,19,,Fri Jul 01 00:00:00 EDT 2022,Tue Jul 05 00:00:00 EDT 2022,16S,Enterobacteriaceae,,,,negative,enzymatic lysis performed since it aligned with freezing down,
MF4-PreRawMilk-APC-2,4,rawwhole,Raw Milk,,0,,APC,L8-2187,16S,Complete,Tue Jun 21 00:00:00 EDT 2022,Wed Jun 22 00:00:00 EDT 2022,Wed Jun 29 00:00:00 EDT 2022,20,,Fri Jul 01 00:00:00 EDT 2022,Tue Jul 05 00:00:00 EDT 2022,16S,Enterobacteriaceae,,,,negative,enzymatic lysis performed since it aligned with freezing down,
MF4-PreRawMilk-APC-3,4,rawwhole,Raw Milk,,0,,APC,L8-2188,16S,Complete,Tue Jun 21 00:00:00 EDT 2022,Wed Jun 22 00:00:00 EDT 2022,Wed Jun 29 00:00:00 EDT 2022,21,,Fri Jul 01 00:00:00 EDT 2022,Tue Jul 05 00:00:00 EDT 2022,16S,,Pseudomonas,sp.,,negative,enzymatic lysis performed since it aligned with freezing down,
MF4-PreMFAlkalineWater-APC-1,4,PreMFAlkalineWater,,,0,,APC,L8-2189,16S,Complete,Tue Jun 21 00:00:00 EDT 2022,Wed Jun 22 00:00:00 EDT 2022,Wed Jun 29 00:00:00 EDT 2022,22,,Fri Jul 01 00:00:00 EDT 2022,Tue Jul 05 00:00:00 EDT 2022,16S,,Sphingobacterium,sp.,,negative,enzymatic lysis performed since it aligned with freezing down,
MF4-PreMFAlkalineWater-APC-2,4,PreMFAlkalineWater,,,0,,APC,L8-2190,16S,Complete,Tue Jun 21 00:00:00 EDT 2022,Wed Jun 22 00:00:00 EDT 2022,Wed Jun 29 00:00:00 EDT 2022,23,,Fri Jul 01 00:00:00 EDT 2022,Tue Jul 05 00:00:00 EDT 2022,16S,,Tsukamurella,sp.,,positive,"enzymatic lysis performed since it aligned with freezing down, amplified 9/1",
MF4-PreMFAlkalineWater-APC-3,4,PreMFAlkalineWater,,,0,,APC,L8-2191,16S,Complete,Tue Jun 21 00:00:00 EDT 2022,Wed Jun 22 00:00:00 EDT 2022,Wed Jun 29 00:00:00 EDT 2022,24,,Fri Jul 01 00:00:00 EDT 2022,Tue Jul 05 00:00:00 EDT 2022,16S,,Staphylococcus,sp.,,positive,enzymatic lysis performed since it aligned with freezing down,
MF4-PreMFAlkalineWater-APC-4,4,PreMFAlkalineWater,,,0,,APC,L8-2192,16S,Complete,Tue Jun 21 00:00:00 EDT 2022,Wed Jun 22 00:00:00 EDT 2022,Wed Jun 29 00:00:00 EDT 2022,25,,Fri Jul 01 00:00:00 EDT 2022,Tue Jul 05 00:00:00 EDT 2022,16S,,Bacillus,sp.,,positive,enzymatic lysis performed since it aligned with freezing down,
MF4-1.2-PostPumpSkim-APC-1,4,PostPumpSkim,,1.2,,,APC,L8-2193,16S,Complete,Tue Jun 21 00:00:00 EDT 2022,Wed Jun 22 00:00:00 EDT 2022,Wed Jun 29 00:00:00 EDT 2022,26,,Fri Jul 01 00:00:00 EDT 2022,Tue Jul 05 00:00:00 EDT 2022,16S,,Microbacterium,sp.,,positive,enzymatic lysis performed since it aligned with freezing down,
MF4-1.2-PostPumpSkim-APC-2,4,PostPumpSkim,,1.2,0,,APC,L8-2194,16S,Complete,Tue Jun 21 00:00:00 EDT 2022,Wed Jun 22 00:00:00 EDT 2022,Wed Jun 29 00:00:00 EDT 2022,27,,Fri Jul 01 00:00:00 EDT 2022,Tue Jul 05 00:00:00 EDT 2022,16S,,Enterococcus,sp.,,positive,enzymatic lysis performed since it aligned with freezing down,
MF4-1.2-PostPumpSkim-APC-3,4,PostPumpSkim,,1.2,0,,APC,L8-2195,16S,Complete,Tue Jun 21 00:00:00 EDT 2022,Wed Jun 22 00:00:00 EDT 2022,Wed Jun 29 00:00:00 EDT 2022,28,,Fri Jul 01 00:00:00 EDT 2022,Tue Jul 05 00:00:00 EDT 2022,16S,Micrococcaceae,,,,positive,"enzymatic lysis performed since it aligned with freezing down, amplified 9/1",
MF4-0.8-D14-Whole-10C-1,4,whole,,0.8,14,10,APC,L8-2196,rpoB,Complete,Tue Jun 21 00:00:00 EDT 2022,Wed Jun 22 00:00:00 EDT 2022,Wed Jun 29 00:00:00 EDT 2022,58,,Fri Jul 01 00:00:00 EDT 2022,Tue Jul 05 00:00:00 EDT 2022,rpoB,,Paenibacillus,odorifer,36,positive,enzymatic lysis performed since it aligned with freezing down,
MF4-0.8-D14-Whole-10C-2,4,whole,,0.8,14,10,APC,L8-2197,rpoB,Complete,Tue Jun 21 00:00:00 EDT 2022,Wed Jun 22 00:00:00 EDT 2022,Wed Jun 29 00:00:00 EDT 2022,59,,Fri Jul 01 00:00:00 EDT 2022,Tue Jul 05 00:00:00 EDT 2022,rpoB,,Paenibacillus,odorifer,36,positive,enzymatic lysis performed since it aligned with freezing down,
MF4-0.8-D14-Whole-10C-3,4,whole,,0.8,14,10,APC,L8-2198,rpoB,Complete,Tue Jun 21 00:00:00 EDT 2022,Wed Jun 22 00:00:00 EDT 2022,Wed Jun 29 00:00:00 EDT 2022,60,,Fri Jul 01 00:00:00 EDT 2022,Tue Jul 05 00:00:00 EDT 2022,rpoB,,Paenibacillus,odorifer,36,positive,enzymatic lysis performed since it aligned with freezing down,
MF4-0.8-D21-Whole-6.5C-1,4,whole,,0.8,21,6.5,APC,L8-2199,rpoB,Complete,Tue Jun 21 00:00:00 EDT 2022,Wed Jun 22 00:00:00 EDT 2022,Wed Jun 29 00:00:00 EDT 2022,61,,Fri Jul 01 00:00:00 EDT 2022,Tue Jul 05 00:00:00 EDT 2022,rpoB,,Paenibacillus,odorifer,7,positive,enzymatic lysis performed since it aligned with freezing down,
MF4-1.2-D21-Skim-6.5C-1,4,skim,,1.2,21,6.5,APC,L8-2200,rpoB,Complete,Tue Jun 21 00:00:00 EDT 2022,Wed Jun 22 00:00:00 EDT 2022,Tue Jul 05 00:00:00 EDT 2022,62,58,Wed Jul 06 00:00:00 EDT 2022,Thu Jul 07 00:00:00 EDT 2022,16S,Comamonadaceae,,,,negative,enzymatic lysis performed since it aligned with freezing down,
MF4-1.2-D21-Whole-6.5C-1,4,whole,,1.2,21,6.5,APC,L8-2201,rpoB,Complete,Tue Jun 21 00:00:00 EDT 2022,Wed Jun 22 00:00:00 EDT 2022,Wed Jun 29 00:00:00 EDT 2022,63,,Fri Jul 01 00:00:00 EDT 2022,Tue Jul 05 00:00:00 EDT 2022,rpoB,,Paenibacillus,odorifer,32,positive,enzymatic lysis performed since it aligned with freezing down,
MF4-0.8-D28-Whole-10C-1,4,whole,,0.8,28,10,APC,L8-2202,rpoB,Complete,Tue Jun 21 00:00:00 EDT 2022,Wed Jun 22 00:00:00 EDT 2022,Wed Jun 29 00:00:00 EDT 2022,64,,Fri Jul 01 00:00:00 EDT 2022,Tue Jul 05 00:00:00 EDT 2022,rpoB,,Paenibacillus,sp.,1950,positive,raw sequence in 7.13.22 file (for Ahmed),
MF4-0.8-D28-Whole-10C-2,4,whole,,0.8,28,10,APC,L8-2203,rpoB,Complete,Tue Jun 21 00:00:00 EDT 2022,Wed Jun 22 00:00:00 EDT 2022,Wed Jun 29 00:00:00 EDT 2022,65,,Fri Jul 01 00:00:00 EDT 2022,Tue Jul 05 00:00:00 EDT 2022,rpoB,,Bacillus,safensis,140,positive,enzymatic lysis performed since it aligned with freezing down,
MF4-0.8-D28-Whole-10C-3,4,whole,,0.8,28,10,APC,L8-2204,rpoB,Complete,Tue Jun 21 00:00:00 EDT 2022,Wed Jun 22 00:00:00 EDT 2022,Wed Jun 29 00:00:00 EDT 2022,66,,Fri Jul 01 00:00:00 EDT 2022,Tue Jul 05 00:00:00 EDT 2022,rpoB,,Bacillus,safensis,140,positive,enzymatic lysis performed since it aligned with freezing down,
MF4-1.2-D28-Whole-10C-1,4,whole,,1.2,28,10,APC,L8-2205,rpoB,Complete,Tue Jun 21 00:00:00 EDT 2022,Wed Jun 22 00:00:00 EDT 2022,Wed Jun 29 00:00:00 EDT 2022,67,,Fri Jul 01 00:00:00 EDT 2022,Tue Jul 05 00:00:00 EDT 2022,rpoB,,Paenibacillus,sp. 1,77,positive,enzymatic lysis performed since it aligned with freezing down,
MF4-0.8-D35-Skim-6.5C-1,4,skim,,0.8,35,6.5,APC,L8-2206,rpoB,Complete,Tue Jun 21 00:00:00 EDT 2022,Wed Jun 22 00:00:00 EDT 2022,Tue Jul 05 00:00:00 EDT 2022,68,59,Wed Jul 06 00:00:00 EDT 2022,Thu Jul 07 00:00:00 EDT 2022,16S,,Rhodococcus,sp.,,positive,enzymatic lysis performed since it aligned with freezing down,
MF4-0.8-D35-Skim-6.5C-2,4,skim,,0.8,35,6.5,APC,L8-2207,rpoB,Complete,Tue Jun 21 00:00:00 EDT 2022,Wed Jun 22 00:00:00 EDT 2022,Tue Jul 05 00:00:00 EDT 2022,69,60,Wed Jul 06 00:00:00 EDT 2022,Thu Jul 07 00:00:00 EDT 2022,16S,,Rhodococcus,sp.,,positive,enzymatic lysis performed since it aligned with freezing down,
MF4-1.2-D35-Whole-6.5C-1,4,whole,,1.2,35,6.5,APC,L8-2208,rpoB,Complete,Tue Jun 21 00:00:00 EDT 2022,Wed Jun 22 00:00:00 EDT 2022,Tue Jul 05 00:00:00 EDT 2022,70,61,Wed Jul 06 00:00:00 EDT 2022,Thu Jul 07 00:00:00 EDT 2022,16S,,Microbacterium,sp.,,positive,enzymatic lysis performed since it aligned with freezing down,
MF4-0.8-D35-Skim-10C-1,4,skim,,0.8,35,10,APC,L8-2209,rpoB,Complete,Tue Jun 21 00:00:00 EDT 2022,Wed Jun 22 00:00:00 EDT 2022,Tue Jul 05 00:00:00 EDT 2022,71,62,Wed Jul 06 00:00:00 EDT 2022,Thu Jul 07 00:00:00 EDT 2022,16S,,Microbacterium,sp.,,positive,enzymatic lysis performed since it aligned with freezing down,
MF4-0.8-D35-Whole-10C-1,4,whole,,0.8,35,10,APC,L8-2210,rpoB,Complete,Tue Jun 21 00:00:00 EDT 2022,Wed Jun 22 00:00:00 EDT 2022,Wed Jun 29 00:00:00 EDT 2022,72,,Fri Jul 01 00:00:00 EDT 2022,Tue Jul 05 00:00:00 EDT 2022,rpoB,,Paenibacillus,sp. 1,1947,positive,raw sequence in 7.13.22 file (for Ahmed),
MF4-0.8-D35-Whole-10C-2,4,whole,,0.8,35,10,APC,L8-2211,rpoB,Complete,Tue Jun 21 00:00:00 EDT 2022,Wed Jun 22 00:00:00 EDT 2022,Wed Jun 29 00:00:00 EDT 2022,73,,Fri Jul 01 00:00:00 EDT 2022,Tue Jul 05 00:00:00 EDT 2022,rpoB,,Bacillus,pumilus,20,positive,enzymatic lysis performed since it aligned with freezing down,
MF4-0.8-D42-Skim-3C-1,4,skim,,0.8,42,3,APC,L8-2212,rpoB-16S,Failed,Tue Jun 21 00:00:00 EDT 2022,Wed Jun 22 00:00:00 EDT 2022,Tue Jul 05 00:00:00 EDT 2022,74,63,Wed Jul 06 00:00:00 EDT 2022,Thu Jul 07 00:00:00 EDT 2022,,,,,,,"enzymatic lysis performed since it aligned with freezing down, no growth on BHI",
MF4-0.8-D42-Skim-3C-2,4,skim,,0.8,42,3,APC,L8-2213,rpoB,Complete,Tue Jun 21 00:00:00 EDT 2022,Wed Jun 22 00:00:00 EDT 2022,Tue Jul 05 00:00:00 EDT 2022,75,64,Wed Jul 06 00:00:00 EDT 2022,Thu Jul 07 00:00:00 EDT 2022,16S,,Sphingomonas,sp.,,negative,enzymatic lysis performed since it aligned with freezing down,
MF4-0.8-D42-Skim-3C-3,4,skim,,0.8,42,3,APC,L8-2214,rpoB,Complete,Tue Jun 21 00:00:00 EDT 2022,Wed Jun 22 00:00:00 EDT 2022,Wed Jun 29 00:00:00 EDT 2022,76,,Fri Jul 01 00:00:00 EDT 2022,Tue Jul 05 00:00:00 EDT 2022,rpoB,,Bacillus,safensis,140,positive,enzymatic lysis performed since it aligned with freezing down,ppc
MF4-1.2-D42-Whole-3C-1,4,whole,,1.2,42,3,APC,L8-2215,rpoB,Complete,Tue Jun 21 00:00:00 EDT 2022,Wed Jun 22 00:00:00 EDT 2022,Wed Jun 29 00:00:00 EDT 2022,77,,Fri Jul 01 00:00:00 EDT 2022,Tue Jul 05 00:00:00 EDT 2022,rpoB,,Bacillus,safensis,140,positive,enzymatic lysis performed since it aligned with freezing down,
MF4-1.2-D42-Whole-3C-2,4,whole,,1.2,42,3,APC,L8-2216,rpoB,Complete,Tue Jun 21 00:00:00 EDT 2022,Wed Jun 22 00:00:00 EDT 2022,Wed Jun 29 00:00:00 EDT 2022,78,,Fri Jul 01 00:00:00 EDT 2022,Tue Jul 05 00:00:00 EDT 2022,rpoB,,Bacillus,safensis,140,positive,enzymatic lysis performed since it aligned with freezing down,
MF4-0.8-D49-Whole-3C-1,4,whole,,0.8,49,3,APC,L8-2217,rpoB,Complete,Tue Jun 21 00:00:00 EDT 2022,Wed Jun 22 00:00:00 EDT 2022,Wed Jun 29 00:00:00 EDT 2022,79,,Fri Jul 01 00:00:00 EDT 2022,Tue Jul 05 00:00:00 EDT 2022,rpoB,,Bacillus,safensis,140,positive,enzymatic lysis performed since it aligned with freezing down,
MF4-0.8-D49-Skim-6.5C-1,4,skim,,0.8,49,6.5,APC,L8-2218,rpoB,Complete,Tue Jun 21 00:00:00 EDT 2022,Wed Jun 22 00:00:00 EDT 2022,Tue Jul 05 00:00:00 EDT 2022,80,66,Wed Jul 06 00:00:00 EDT 2022,Thu Jul 07 00:00:00 EDT 2022,16S,,Microbacterium,sp.,,positive,"enzymatic lysis performed since it aligned with freezing down, amplified 9/1",
MF4-0.8-D49-Whole-6.5C-1,4,whole,,0.8,49,6.5,APC,L8-2219,rpoB,Complete,Tue Jun 21 00:00:00 EDT 2022,Wed Jun 22 00:00:00 EDT 2022,Wed Jun 29 00:00:00 EDT 2022,81,,Fri Jul 01 00:00:00 EDT 2022,Tue Jul 05 00:00:00 EDT 2022,rpoB,,Paenibacillus,sp. 6,1945,positive,raw sequence in 7.13.22 file (for Ahmed),
MF4-0.8-D49-Skim-10C-1,4,skim,,0.8,49,10,APC,L8-2220,rpoB,Complete,Tue Jun 21 00:00:00 EDT 2022,Wed Jun 22 00:00:00 EDT 2022,Tue Jul 05 00:00:00 EDT 2022,82,66,Wed Jul 06 00:00:00 EDT 2022,Thu Jul 07 00:00:00 EDT 2022,16S,,Microbacterium,sp.,,positive,enzymatic lysis performed since it aligned with freezing down,
MF4-0.8-D49-Skim-10C-2,4,skim,,0.8,49,10,APC,L8-2221,rpoB,Complete,Tue Jun 21 00:00:00 EDT 2022,Wed Jun 22 00:00:00 EDT 2022,Tue Jul 05 00:00:00 EDT 2022,83,67,Wed Jul 06 00:00:00 EDT 2022,Thu Jul 07 00:00:00 EDT 2022,16S,,Microbacterium,sp.,,positive,enzymatic lysis performed since it aligned with freezing down,
MF4-1.2-D49-Skim-6.5C-1,4,skim,,1.2,49,6.5,APC,L8-2222,rpoB,Complete,Tue Jun 21 00:00:00 EDT 2022,Wed Jun 22 00:00:00 EDT 2022,Tue Jul 05 00:00:00 EDT 2022,84,68,Wed Jul 06 00:00:00 EDT 2022,Thu Jul 07 00:00:00 EDT 2022,16S,Enterobacteriaceae,,,,negative,GramNeg,
MF4-1.2-D49-Whole-10C-1,4,whole,,1.2,49,10,APC,L8-2223,rpoB,Complete,Tue Jun 21 00:00:00 EDT 2022,Wed Jun 22 00:00:00 EDT 2022,Wed Jun 29 00:00:00 EDT 2022,85,,Fri Jul 01 00:00:00 EDT 2022,Tue Jul 05 00:00:00 EDT 2022,rpoB,,Paenibacillus,tritici,163,positive,enzymatic lysis performed since it aligned with freezing down,
MF4-1.2-D49-Whole-10C-2,4,whole,,1.2,49,10,APC,L8-2224,rpoB,Complete,Tue Jun 21 00:00:00 EDT 2022,Wed Jun 22 00:00:00 EDT 2022,Tue Jul 05 00:00:00 EDT 2022,86,69,Wed Jul 06 00:00:00 EDT 2022,Thu Jul 07 00:00:00 EDT 2022,16S,,Microbacterium,sp.,,positive,enzymatic lysis performed since it aligned with freezing down,
MF4-0.8-D56-Skim-6.5C-1,4,skim,,0.8,56,6.5,APC,L8-2225,rpoB,Complete,Tue Jun 21 00:00:00 EDT 2022,Wed Jun 22 00:00:00 EDT 2022,Wed Jun 29 00:00:00 EDT 2022,87,,Fri Jul 01 00:00:00 EDT 2022,Tue Jul 05 00:00:00 EDT 2022,rpoB,,Paenibacillus,sp. 6,1945,positive,raw sequence in 7.13.22 file (for Ahmed),
MF4-0.8-D56-Whole-6.5C-1,4,whole,,0.8,56,6.5,APC,L8-2226,rpoB- 16S,Re-do,Tue Jun 21 00:00:00 EDT 2022,Wed Jun 22 00:00:00 EDT 2022,Wed Jun 29 00:00:00 EDT 2022,88,,Fri Jul 01 00:00:00 EDT 2022,Tue Jul 05 00:00:00 EDT 2022,,,Paenibacillus,sp.,,positive,enzymatic lysis performed since it aligned with freezing down,
MF4-0.8-D56-Whole-6.5C-2,4,whole,,0.8,56,6.5,APC,L8-2227,rpoB,Complete,Tue Jun 21 00:00:00 EDT 2022,Wed Jun 22 00:00:00 EDT 2022,Tue Jul 05 00:00:00 EDT 2022,89,70,Wed Jul 06 00:00:00 EDT 2022,Thu Jul 07 00:00:00 EDT 2022,16S,,Microbacterium,sp.,,positive,enzymatic lysis performed since it aligned with freezing down,
MF4-1.2-D56-Skim-3C-1,4,skim,,1.2,56,3,APC,L8-2228,rpoB,Complete,Tue Jun 21 00:00:00 EDT 2022,Wed Jun 22 00:00:00 EDT 2022,Tue Jul 05 00:00:00 EDT 2022,90,70,Wed Jul 06 00:00:00 EDT 2022,Thu Jul 07 00:00:00 EDT 2022,16S,,Sphingomonas,sp.,,negative,enzymatic lysis performed since it aligned with freezing down,
MF4-1.2-D56-Skim-6.5C-1,4,skim,,1.2,56,6.5,APC,L8-2229,rpoB,Complete,Tue Jun 21 00:00:00 EDT 2022,Wed Jun 22 00:00:00 EDT 2022,Tue Jul 05 00:00:00 EDT 2022,91,70,Wed Jul 06 00:00:00 EDT 2022,Thu Jul 07 00:00:00 EDT 2022,16S,Comamonadaceae,,,,negative,enzymatic lysis performed since it aligned with freezing down,
MF4-1.2-D56-Whole-6.5C-1,4,whole,,1.2,56,6.5,APC,L8-2230,rpoB,Complete,Tue Jun 21 00:00:00 EDT 2022,Wed Jun 22 00:00:00 EDT 2022,Tue Jul 05 00:00:00 EDT 2022,92,70,Wed Jul 06 00:00:00 EDT 2022,Thu Jul 07 00:00:00 EDT 2022,16S,,Microbacterium,sp.,,positive,"enzymatic lysis performed since it aligned with freezing down, amplified 9/1",
MF4-1.2-D56-Skim-10C-1,4,skim,,1.2,56,10,APC,L8-2231,rpoB,Complete,Tue Jun 21 00:00:00 EDT 2022,Wed Jun 22 00:00:00 EDT 2022,Tue Jul 05 00:00:00 EDT 2022,93,70,Wed Jul 06 00:00:00 EDT 2022,Thu Jul 07 00:00:00 EDT 2022,16S,,Microbacterium,sp.,,positive,enzymatic lysis performed since it aligned with freezing down,
MF4-1.2-D56-Skim-10C-2,4,skim,,1.2,56,10,APC,L8-2232,rpoB,Complete,Tue Jun 21 00:00:00 EDT 2022,Wed Jun 22 00:00:00 EDT 2022,Tue Jul 05 00:00:00 EDT 2022,94,70,Wed Jul 06 00:00:00 EDT 2022,Thu Jul 07 00:00:00 EDT 2022,16S,,Microbacterium,sp.,,positive,enzymatic lysis performed since it aligned with freezing down,
MF4-1.2-D56-Whole-10C-1,4,whole,,1.2,56,10,APC,L8-2233,rpoB- 16S,Re-do,Tue Jun 21 00:00:00 EDT 2022,Wed Jun 22 00:00:00 EDT 2022,Wed Jul 13 00:00:00 EDT 2022,,,,,,,Paenibacillus,tritici,,positive,enzymatic lysis performed since it aligned with freezing down,
MF4-0.8-D63-Whole-6.5C-1,4,whole,,0.8,63,6.5,APC,L8-2234,rpoB,Complete,Tue Jun 21 00:00:00 EDT 2022,Wed Jun 22 00:00:00 EDT 2022,Wed Jul 13 00:00:00 EDT 2022,,,,,rpoB,,Paenibacillus,odorifer,33,positive,enzymatic lysis performed since it aligned with freezing down,
MF4-1.2-D63-Skim-3C-1,4,skim,,1.2,63,3,APC,L8-2235,rpoB- 16S,Failed,Tue Jun 21 00:00:00 EDT 2022,Wed Jun 22 00:00:00 EDT 2022,Wed Jul 13 00:00:00 EDT 2022,,,,,,,,,,,"enzymatic lysis performed since it aligned with freezing down, no growth on BHI",
MF4-1.2-D63-Whole-3C-1,4,whole,,1.2,63,3,APC,L8-2236,rpoB,Complete,Tue Jun 21 00:00:00 EDT 2022,Wed Jun 22 00:00:00 EDT 2022,Wed Jul 13 00:00:00 EDT 2022,,,,,rpoB,,Paenibacillus,odorifer,32,positive,enzymatic lysis performed since it aligned with freezing down,
MF4-1.2-D63-Skim-10C-1,4,skim,,1.2,63,10,APC,L8-2237,rpoB- 16S,Re-do,Tue Jun 21 00:00:00 EDT 2022,Wed Jun 22 00:00:00 EDT 2022,Thu Jul 14 00:00:00 EDT 2022,,,,,,,Pseudomonas,sp.,,negative,GramNeg,
MF4-D63-BuffCont-1,4,BuffCont,,,63,,control,L8-2238,16S,Complete,Tue Jun 21 00:00:00 EDT 2022,Wed Jun 22 00:00:00 EDT 2022,Wed Jun 29 00:00:00 EDT 2022,29,,Fri Jul 01 00:00:00 EDT 2022,Tue Jul 05 00:00:00 EDT 2022,16S,,Pseudomonas,sp.,,negative,"enzymatic lysis performed since it aligned with freezing down, amplified 9/1",
