SampleID,Trial,Order,MilkSource,PoreSize,Day,MilkType,StorageTemp,pH,ParticleSize,Coagulated,CompMethod,Fat,Protein,Lactose,TS,SnF,FreezePt,pumptype,bottlenum,SCC,GramNeg
MF4-1.2-Whole-D28-3C,4,2,UPS,1.2,28,whole,3,6.8,laberror,,,,,,,,,,,,KEEP
MF-2-1.2-Skim-D56-10C,2,2,UPS,1.2,56,skim,10,6.66,1208.7,TRUE,,,,,,,,,,,KEEP
MF3-0.8-Whole-D35-10C,3,2,UPS,0.8,35,whole,10,6.4,626.5,,,,,,,,,,,,KEEP
MF-2-1.2-Whole-D49-3C,2,2,UPS,1.2,49,whole,3,6.68,602.7,,,,,,,,,,,,KEEP
MF3-0.8-Whole-D35-10C,3,2,UPS,0.8,35,whole,10,6.42,559.6,,,,,,,,,,,,KEEP
MF4-1.2-Whole-D7-10C,4,2,UPS,1.2,7,whole,10,6.68,559,,,,,,,,,,,,KEEP
MF3-0.8-Whole-D49-3C,3,2,UPS,0.8,49,whole,3,6.73,555,,,,,,,,,,,,KEEP
MF4-1.2-Whole-D63-10C,3,1,UPS,1.2,56,whole,10,6.54,551.7,,,,,,,,,,,,KEEP
MF4-1.2-Whole-D63-10C,4,2,UPS,1.2,63,whole,10,5.71,551.7,,,,,,,,,,,,KEEP
MF4-1.2-Whole-D7-10C,4,2,UPS,1.2,7,whole,10,6.68,530,,,,,,,,,,,,KEEP
MF3-1.2-Whole-D42-10C,3,1,UPS,1.2,42,whole,10,6.71,515.8,,,,,,,,,,,,KEEP
MF4-0.8-Whole-D63-6.5C,3,2,UPS,0.8,56,whole,6.5,6.77,509.7,,,,,,,,,,,,KEEP
MF4-0.8-Whole-D63-6.5C,4,1,UPS,0.8,63,whole,6.5,5.74,509.7,,,,,,,,,,,,KEEP
MF3-0.8-Whole-D49-6.5C,3,2,UPS,0.8,49,whole,6.5,6.7,504.7,,,,,,,,,,,,KEEP
MF4-1.2-Whole-D63-10C,3,1,UPS,1.2,56,whole,10,6.56,503,,,,,,,,,,,,KEEP
MF4-1.2-Whole-D63-10C,4,2,UPS,1.2,63,whole,10,5.68,503,,,,,,,,,,,,KEEP
MF4-0.8-Whole-D63-3C,3,2,UPS,0.8,56,whole,3,6.81,499.7,,,,,,,,,,,,KEEP
MF4-0.8-Whole-D63-3C,4,1,UPS,0.8,63,whole,3,6.65,499.7,,,,,,,,,,,,KEEP
MF4-0.8-Whole-D63-3C,3,2,UPS,0.8,56,whole,3,6.79,498.2,,,,,,,,,,,,KEEP
MF4-0.8-Whole-D63-3C,4,1,UPS,0.8,63,whole,3,6.66,498.2,,,,,,,,,,,,KEEP
MF4-0.8-Whole-D63-6.5C,3,2,UPS,0.8,56,whole,6.5,6.79,481.8,,,,,,,,,,,,KEEP
MF4-0.8-Whole-D63-6.5C,4,1,UPS,0.8,63,whole,6.5,5.73,481.8,,,,,,,,,,,,KEEP
MF-2-0.8-Whole-D49-3C,2,1,UPS,0.8,49,whole,3,6.67,479.4,,,,,,,,,,,,KEEP
MF3-1.2-Whole-D49-6.5C,3,1,UPS,1.2,49,whole,6.5,6.74,474.2,,,,,,,,,,,,KEEP
MF-2-0.8-Whole-D49-6.5C,2,1,UPS,0.8,49,whole,6.5,6.58,471.3,,,,,,,,,,,,KEEP
MF4-1.2-Whole-D56-10C,4,2,UPS,1.2,56,whole,10,6.16,470.5,,,,,,,,,,,,KEEP
MF-2-0.8-Whole-D42-6.5C,2,1,UPS,0.8,42,whole,6.5,6.73,466.7,,,,,,,,,,,,KEEP
MF3-1.2-Whole-D42-10C,3,1,UPS,1.2,42,whole,10,6.7,459.9,,,,,,,,,,,,KEEP
MF3-1.2-Whole-D56-10C,3,1,UPS,1.2,56,whole,10,5.64,452,,,,,,,,,,,,KEEP
MF-2-0.8-Whole-D42-3C,2,1,UPS,0.8,42,whole,3,6.75,448.6,,,,,,,,,,,,KEEP
MF-2-1.2-Whole-D56-6.5C,2,2,UPS,1.2,56,whole,6.5,6.67,447.9,,,,,,,,,,,,KEEP
MF3-1.2-Whole-D49-6.5C,3,1,UPS,1.2,49,whole,6.5,6.74,445.5,,,,,,,,,,,,KEEP
MF4-1.2-Whole-D63-3C,3,1,UPS,1.2,56,whole,3,6.84,432.2,,,,,,,,,,,,KEEP
MF4-1.2-Whole-D63-3C,4,2,UPS,1.2,63,whole,3,6.65,432.2,,,,,,,,,,,,KEEP
MF3-1.2-Whole-D42-6.5C,3,1,UPS,1.2,42,whole,6.5,6.84,430.9,,,,,,,,,,,,KEEP
MF3-1.2-Whole-D35-10C,3,1,UPS,1.2,35,whole,10,6.82,430.7,,,,,,,,,,,,KEEP
MF3-0.8-Whole-D49-6.5C,3,2,UPS,0.8,49,whole,6.5,6.7,430.6,,,,,,,,,,,,KEEP
MF-2-1.2-Whole-D56-10C,2,2,UPS,1.2,56,whole,10,6.17,430.4,,,,,,,,,,,,KEEP
MF-2-1.2-Whole-D35-3C,2,2,UPS,1.2,35,whole,3,6.82,428.6,,,,,,,,,,,,KEEP
MF4-1.2-Whole-D63-3C,3,1,UPS,1.2,56,whole,3,6.86,426.6,,,,,,,,,,,,KEEP
MF4-1.2-Whole-D63-3C,4,2,UPS,1.2,63,whole,3,6.66,426.6,,,,,,,,,,,,KEEP
MF4-1.2-Whole-D56-10C,4,2,UPS,1.2,56,whole,10,6.19,425.2,,,,,,,,,,,,KEEP
MF3-1.2-Whole-D56-10C,3,1,UPS,1.2,56,whole,10,5.63,421.5,,,,,,,,,,,,KEEP
MF4-0.8-Whole-D56-3C,4,1,UPS,0.8,56,whole,3,6.68,420,,,,,,,,,,,,KEEP
MF3-1.2-Whole-D49-3C,3,1,UPS,1.2,49,whole,3,6.76,418.8,,,,,,,,,,,,KEEP
MF3-0.8-Whole-D42-6.5C,3,2,UPS,0.8,42,whole,6.5,6.85,417.9,,,,,,,,,,,,KEEP
MF3-1.2-Whole-D49-3C,3,1,UPS,1.2,49,whole,3,6.74,417.5,,,,,,,,,,,,KEEP
MF3-1.2-Whole-D56-6.5C,3,1,UPS,1.2,56,whole,6.5,6.79,415.5,,,,,,,,,,,,KEEP
MF3-1.2-Whole-D35-10C,3,1,UPS,1.2,35,whole,10,6.82,413.2,,,,,,,,,,,,KEEP
MF3-0.8-Whole-D49-3C,3,2,UPS,0.8,49,whole,3,6.74,409,,,,,,,,,,,,KEEP
MF-2-0.8-Whole-D42-6.5C,2,1,UPS,0.8,42,whole,6.5,6.74,406,,,,,,,,,,,,KEEP
MF3-0.8-Whole-D56-6.5C,3,2,UPS,0.8,56,whole,6.5,6.74,406,,,,,,,,,,,,KEEP
MF-2-0.8-Whole-D56-6.5C,2,1,UPS,0.8,56,whole,6.5,6.67,405.8,,,,,,,,,,,,KEEP
MF3-1.2-Whole-D42-3C,3,1,UPS,1.2,42,whole,3,6.88,404.6,,,,,,,,,,,,KEEP
MF3-0.8-Whole-D56-10C,3,2,UPS,0.8,56,whole,10,6.09,404.3,,,,,,,,,,,,KEEP
MF3-1.2-Whole-D42-6.5C,3,1,UPS,1.2,42,whole,6.5,6.84,403.4,,,,,,,,,,,,KEEP
MF-2-0.8-Whole-D56-3C,2,1,UPS,0.8,56,whole,3,6.7,401.9,,,,,,,,,,,,KEEP
MF4-0.8-Whole-D49-6.5C,4,1,UPS,0.8,49,whole,6.5,5.78,400.8,,,,,,,,,,,,KEEP
MF4-0.8-Whole-D56-3C,4,1,UPS,0.8,56,whole,3,6.67,400.7,,,,,,,,,,,,KEEP
MF4-0.8-Whole-D56-6.5C,4,1,UPS,0.8,56,whole,6.5,6.66,400.7,,,,,,,,,,,,KEEP
MF-2-0.8-Whole-D42-3C,2,1,UPS,0.8,42,whole,3,6.72,400.4,,,,,,,,,,,,KEEP
MF4-1.2-Whole-D28-10C,4,2,UPS,1.2,28,whole,10,5.76,398.4,,,,,,,,,,,,KEEP
MF3-1.2-Whole-D28-6.5C,3,1,UPS,1.2,28,whole,6.5,6.75,396.8,,,,,,,,,,,,KEEP
MF4-0.8-Whole-D49-6.5C,4,1,UPS,0.8,49,whole,6.5,5.78,395,,,,,,,,,,,,KEEP
MF3-1.2-Whole-D49-10C,3,1,UPS,1.2,49,whole,10,6.2,392.3,,,,,,,,,,,,KEEP
MF3-1.2-Whole-D28-6.5C,3,1,UPS,1.2,28,whole,6.5,6.74,391.8,,,,,,,,,,,,KEEP
MF3-1.2-Whole-D28-10C,3,1,UPS,1.2,28,whole,10,6.71,391.6,,,,,,,,,,,,KEEP
MF-2-1.2-Whole-D63-6.5C,2,2,UPS,1.2,63,whole,6.5,6.7,389.8,,,,,,,,,,,,KEEP
MF-2-1.2-Whole-D63-6.5C,2,2,UPS,1.2,63,whole,6.5,6.72,388.6,,,,,,,,,,,,KEEP
MF1-1.2-63-HTST-Whole-10,1,1,LS,1.2,63,whole,10,6.69,386.9,,,,,,,,,,,,KEEP
MF-2-1.2-Whole-D63-10C,2,2,UPS,1.2,63,whole,10,6.27,386.1,,,,,,,,,,,,KEEP
MF3-1.2-Whole-D49-10C,3,1,UPS,1.2,49,whole,10,6.19,385.9,,,,,,,,,,,,KEEP
MF1-1.2-56-HTST-Whole-10,1,1,LS,1.2,56,whole,10,6.73,385.8,,,,,,,,,,,,KEEP
MF-2-1.2-Whole-D49-6.5C,2,2,UPS,1.2,49,whole,6.5,6.68,385,,,,,,,,,,,,KEEP
MF3-1.2-Whole-D28-3C,3,1,UPS,1.2,28,whole,3,6.72,383.2,,,,,,,,,,,,KEEP
MF3-0.8-Whole-D42-6.5C,3,2,UPS,0.8,42,whole,6.5,6.83,382.3,,,,,,,,,,,,KEEP
MF3-1.2-Whole-D56-6.5C,3,1,UPS,1.2,56,whole,6.5,6.78,377.9,,,,,,,,,,,,KEEP
MF3-0.8-Whole-D56-6.5C,3,2,UPS,0.8,56,whole,6.5,6.74,377.6,,,,,,,,,,,,KEEP
MF3-0.8-Whole-D28-6.5C,3,2,UPS,0.8,28,whole,6.5,6.7,377.2,,,,,,,,,,,,KEEP
MF4-0.8-Whole-D56-6.5C,4,1,UPS,0.8,56,whole,6.5,6.67,375.8,,,,,,,,,,,,KEEP
MF3-0.8-Whole-D21-10C,3,2,UPS,0.8,21,whole,10,6.52,375.5,,,,,,,,,,,,KEEP
MF1-1.2-49-HTST-Whole-3,1,1,LS,1.2,49,whole,3,6.92,375.5,,,,,,,,,,,,KEEP
MF3-1.2-Whole-D28-10C,3,1,UPS,1.2,28,whole,10,6.72,374.4,,,,,,,,,,,,KEEP
MF3-1.2-Whole-D42-3C,3,1,UPS,1.2,42,whole,3,6.87,372.8,,,,,,,,,,,,KEEP
MF3-0.8-Whole-D56-3C,3,2,UPS,0.8,56,whole,3,6.8,371.4,,,,,,,,,,,,KEEP
MF3-0.8-Whole-D56-10C,3,2,UPS,0.8,56,whole,10,6.08,371.2,,,,,,,,,,,,KEEP
MF3-0.8-Whole-D28-3C,3,2,UPS,0.8,28,whole,3,6.7,369.7,,,,,,,,,,,,KEEP
MF3-1.2-Whole-D35-3C,3,1,UPS,1.2,35,whole,3,6.73,368.1,,,,,,,,,,,,KEEP
MF4-0.8-Whole-D56-10C,4,1,UPS,0.8,56,whole,10,5.64,367.2,,,,,,,,,,,,KEEP
MF4-1.2-Whole-D63-6.5C,3,1,UPS,1.2,56,whole,6.5,6.77,367,,,,,,,,,,,,KEEP
MF4-1.2-Whole-D63-6.5C,4,2,UPS,1.2,63,whole,6.5,6.66,367,,,,,,,,,,,,KEEP
MF4-0.8-Whole-D49-3C,4,1,UPS,0.8,49,whole,3,6.68,365.7,,,,,,,,,,,,KEEP
MF4-0.8-Whole-D35-10C,4,1,UPS,0.8,35,whole,10,5.69,365.5,,,,,,,,,,,,KEEP
MF1-1.2-56-HTST-Whole-6.5,1,1,LS,1.2,56,whole,6.5,6.7,365.2,,,,,,,,,,,,KEEP
MF1-1.2-63-HTST-Whole-10,1,1,LS,1.2,63,whole,10,6.7,363.8,,,,,,,,,,,,KEEP
MF3-1.2-Whole-D28-3C,3,1,UPS,1.2,28,whole,3,6.72,363.4,,,,,,,,,,,,KEEP
MF-2-1.2-Whole-D35-6.5C,2,2,UPS,1.2,35,whole,6.5,6.74,363.3,,,,,,,,,,,,KEEP
MF3-0.8-Whole-D42-3C,3,2,UPS,0.8,42,whole,3,6.82,363,,,,,,,,,,,,KEEP
MF4-0.8-Whole-D42-6.5C,4,1,UPS,0.8,42,whole,6.5,6.73,362.7,,,,,,,,,,,,KEEP
MF4-1.2-Whole-D56-6.5C,4,2,UPS,1.2,56,whole,6.5,6.62,362.4,,,,,,,,,,,,KEEP
MF3-1.2-Whole-D35-6.5C,3,1,UPS,1.2,35,whole,6.5,6.7,361.6,,,,,,,,,,,,KEEP
MF1-1.2-49-HTST-Whole-10,1,1,LS,1.2,49,whole,10,6.81,361.4,,,,,,,,,,,,KEEP
MF3-0.8-Whole-D42-3C,3,2,UPS,0.8,42,whole,3,6.83,360,,,,,,,,,,,,KEEP
MF3-1.2-Whole-14-6.5C,3,1,UPS,1.2,14,whole,6.5,6.7,359.7,,,,,,,,,,,,KEEP
MF3-0.8-Whole-D28-6.5C,3,2,UPS,0.8,28,whole,6.5,6.69,359.1,,,,,,,,,,,,KEEP
MF4-1.2-Whole-D63-6.5C,3,1,UPS,1.2,56,whole,6.5,6.78,357.7,,,,,,,,,,,,KEEP
MF4-1.2-Whole-D63-6.5C,4,2,UPS,1.2,63,whole,6.5,6.66,357.7,,,,,,,,,,,,KEEP
MF3-1.2-Whole-D35-6.5C,3,1,UPS,1.2,35,whole,6.5,6.71,357.6,,,,,,,,,,,,KEEP
MF1-1.2-21-HTST-Whole-10,1,1,LS,1.2,21,whole,10,6.78,355.7,,,,,,,,,,,,KEEP
MF3-0.8-Whole-D56-3C,3,2,UPS,0.8,56,whole,3,6.8,355.5,,,,,,,,,,,,KEEP
MF1-1.2-56-HTST-Whole-3,1,1,LS,1.2,56,whole,3,6.7,355.4,,,,,,,,,,,,KEEP
MF-2-0.8-Whole-D28-6.5C,2,1,UPS,0.8,28,whole,6.5,6.73,355.2,,,,,,,,,,,,KEEP
MF3-1.2-Whole-D56-3C,3,1,UPS,1.2,56,whole,3,6.81,355.2,,,,,,,,,,,,KEEP
MF3-0.8-Whole-D21-10C,3,2,UPS,0.8,21,whole,10,6.52,353.4,,,,,,,,,,,,KEEP
MF4-1.2-Whole-D35-6.5C,4,2,UPS,1.2,35,whole,6.5,6.67,351.3,,,,,,,,,,,,KEEP
MF4-0.8-Whole-D49-3C,4,1,UPS,0.8,49,whole,3,6.69,350.9,,,,,,,,,,,,KEEP
MF3-0.8-Whole-D28-3C,3,2,UPS,0.8,28,whole,3,6.7,350.5,,,,,,,,,,,,KEEP
MF3-1.2-Whole-D56-3C,3,1,UPS,1.2,56,whole,3,6.81,349.6,,,,,,,,,,,,KEEP
MF1-1.2-63-HTST-Whole-3,1,1,LS,1.2,63,whole,3,6.6,349.3,,,,,,,,,,,,KEEP
MF3-0.8-Whole-14-10C,3,2,UPS,0.8,14,whole,10,6.63,348.9,,,,,,,,,,,,KEEP
MF4-1.2-Whole-D35-6.5C,4,2,UPS,1.2,35,whole,6.5,6.65,348.7,,,,,,,,,,,,KEEP
MF-2-1.2-Whole-D56-3C,2,2,UPS,1.2,56,whole,3,6.68,348.6,,,,,,,,,,,,KEEP
MF1-1.2-56-HTST-Whole-10,1,1,LS,1.2,56,whole,10,6.72,347.7,,,,,,,,,,,,KEEP
MF4-0.8-Whole-D35-10C,4,1,UPS,0.8,35,whole,10,5.7,347.7,,,,,,,,,,,,KEEP
MF4-1.2-Whole-D14-10C,4,2,UPS,1.2,14,whole,10,6.72,347.3,,,,,,,,,,,,KEEP
MF1-1.2-49-HTST-Whole-3,1,1,LS,1.2,49,whole,3,6.9,346.1,,,,,,,,,,,,KEEP
MF3-1.2-Whole-D35-3C,3,1,UPS,1.2,35,whole,3,6.71,345.8,,,,,,,,,,,,KEEP
MF4-1.2-Whole-D28-6.5C,4,2,UPS,1.2,28,whole,6.5,6.78,344.5,,,,,,,,,,,,KEEP
MF3-0.8-Whole-14-10C,3,2,UPS,0.8,14,whole,10,6.62,344.3,,,,,,,,,,,,KEEP
MF4-1.2-Whole-D49-6.5C,4,2,UPS,1.2,49,whole,6.5,6.68,344,,,,,,,,,,,,KEEP
MF1-1.2-28-HTST-Whole-6.5,1,1,LS,1.2,28,whole,6.5,6.76,343.5,,,,,,,,,,,,KEEP
MF4-1.2-Whole-D49-3C,4,2,UPS,1.2,49,whole,3,6.7,342.7,,,,,,,,,,,,KEEP
MF-2-1.2-Whole-D35-6.5C,2,2,UPS,1.2,35,whole,6.5,6.76,342.4,,,,,,,,,,,,KEEP
MF4-0.8-Whole-D42-6.5C,4,1,UPS,0.8,42,whole,6.5,6.71,342.3,,,,,,,,,,,,KEEP
MF4-1.2-Whole-D49-6.5C,4,2,UPS,1.2,49,whole,6.5,6.68,341.2,,,,,,,,,,,,KEEP
MF-2-1.2-Whole-D63-3C,2,2,UPS,1.2,63,whole,3,6.71,340.8,,,,,,,,,,,,KEEP
MF1-1.2-56-HTST-Whole-6.5,1,1,LS,1.2,56,whole,6.5,6.69,340.6,,,,,,,,,,,,KEEP
MF1-1.2-21-HTST-Whole-3,1,1,LS,1.2,21,whole,3,6.83,340.4,,,,,,,,,,,,KEEP
MF4-0.8-Whole-D28-10C,4,1,UPS,0.8,28,whole,10,6.7,340.1,,,,,,,,,,,,KEEP
MF-2-1.2-Whole-D63-10C,2,2,UPS,1.2,63,whole,10,6.26,340,,,,,,,,,,,,KEEP
MF3-0.8-Whole-D35-3C,3,2,UPS,0.8,35,whole,3,6.74,340,,,,,,,,,,,,KEEP
MF-2-0.8-Whole-D63-6.5C,2,1,UPS,0.8,63,whole,6.5,6.62,339.9,,,,,,,,,,,,KEEP
MF3-0.8-Whole-D21-6.5C,3,2,UPS,0.8,21,whole,6.5,6.7,339.9,,,,,,,,,,,,KEEP
MF-2-0.8-Whole-D35-6.5C,2,1,UPS,0.8,35,whole,6.5,6.79,339.6,,,,,,,,,,,,KEEP
MF3-0.8-Whole-D21-6.5C,3,2,UPS,0.8,21,whole,6.5,6.7,339.5,,,,,,,,,,,,KEEP
MF-2-1.2-Whole-D28-6.5C,2,2,UPS,1.2,28,whole,6.5,6.73,338.9,,,,,,,,,,,,KEEP
MF-2-0.8-Whole-D63-3C,2,1,UPS,0.8,63,whole,3,6.72,338.4,,,,,,,,,,,,KEEP
MF3-1.2-Whole-14-3C,3,1,UPS,1.2,14,whole,3,6.69,338,,,,,,,,,,,,KEEP
MF3-0.8-Whole-D21-3C,3,2,UPS,0.8,21,whole,3,6.67,337.9,,,,,,,,,,,,KEEP
MF3-0.8-Whole-D35-3C,3,2,UPS,0.8,35,whole,3,6.73,337.9,,,,,,,,,,,,KEEP
MF4-1.2-Whole-D35-3C,4,2,UPS,1.2,35,whole,3,6.66,337.8,,,,,,,,,,,,KEEP
MF1-1.2-49-HTST-Whole-6.5,1,1,LS,1.2,49,whole,6.5,6.79,337.1,,,,,,,,,,,,KEEP
MF3-0.8-Whole-D28-10C,3,2,UPS,0.8,28,whole,10,6.53,335.5,,,,,,,,,,,,KEEP
MF1-1.2-28-HTST-Whole-10,1,1,LS,1.2,28,whole,10,6.69,335.3,,,,,,,,,,,,KEEP
MF1-1.2-42-HTST-Whole-6.5,1,1,LS,1.2,42,whole,6.5,6.72,335.2,,,,,,,,,,,,KEEP
MF-2-0.8-Whole-D14-6.5C,2,1,UPS,0.8,14,whole,6.5,6.72,335.2,,,,,,,,,,,,KEEP
MF4-1.2-Whole-D14-10C,4,2,UPS,1.2,14,whole,10,6.72,335.1,,,,,,,,,,,,KEEP
MF4-1.2-Whole-D35-10C,4,2,UPS,1.2,35,whole,10,6.65,335.1,,,,,,,,,,,,KEEP
MF4-1.2-Whole-D28-10C,4,2,UPS,1.2,28,whole,10,5.78,334.8,,,,,,,,,,,,KEEP
MF4-1.2-Whole-D14-6.5C,4,2,UPS,1.2,14,whole,6.5,6.69,334.6,,,,,,,,,,,,KEEP
MF1-1.2-42-HTST-Whole-6.5,1,1,LS,1.2,42,whole,6.5,6.72,334.5,,,,,,,,,,,,KEEP
MF-3-0.8-Whole-D7-3C,3,2,UPS,0.8,7,whole,3,6.65,334.4,,,,,,,,,,,,KEEP
MF3-0.8-Whole-D35-6.5C,3,2,UPS,0.8,35,whole,6.5,6.71,334.2,,,,,,,,,,,,KEEP
MF1-1.2-49-HTST-Whole-6.5,1,1,LS,1.2,49,whole,6.5,6.76,333.7,,,,,,,,,,,,KEEP
MF-2-1.2-Whole-D63-3C,2,2,UPS,1.2,63,whole,3,6.7,333.6,,,,,,,,,,,,KEEP
MF3-0.8-Whole-14-6.5C,3,2,UPS,0.8,14,whole,6.5,6.68,333.3,,,,,,,,,,,,KEEP
MF1-1.2-28-HTST-Whole-6.5,1,1,LS,1.2,28,whole,6.5,6.74,333.1,,,,,,,,,,,,KEEP
MF3-0.8-Whole-D28-10C,3,2,UPS,0.8,28,whole,10,6.54,332.1,,,,,,,,,,,,KEEP
MF-3-0.8-Whole-D7-6.5C,3,2,UPS,0.8,7,whole,6.5,6.67,331.6,,,,,,,,,,,,KEEP
MF-2-0.8-Whole-D14-3C,2,1,UPS,0.8,14,whole,3,6.68,330.8,,,,,,,,,,,,KEEP
MF3-1.2-Whole-14-6.5C,3,1,UPS,1.2,14,whole,6.5,6.69,330.4,,,,,,,,,,,,KEEP
MF1-1.2-21-HTST-Whole-6.5,1,1,LS,1.2,21,whole,6.5,6.78,329.6,,,,,,,,,,,,KEEP
MF4-1.2-Whole-D49-3C,4,2,UPS,1.2,49,whole,3,6.71,329.5,,,,,,,,,,,,KEEP
MF4-0.8-Whole-D35-6.5C,4,1,UPS,0.8,35,whole,6.5,6.69,329.1,,,,,,,,,,,,KEEP
MF4-0.8-Whole-D35-6.5C,4,1,UPS,0.8,35,whole,6.5,6.7,328.7,,,,,,,,,,,,KEEP
MF1-1.2-35-HTST-Whole-6.5,1,1,LS,1.2,35,whole,6.5,,328.6,,,,,,,,,,,,KEEP
MF1-1.2-63-HTST-Whole-6.5,1,1,LS,1.2,63,whole,6.5,6.68,328.6,,,,,,,,,,,,KEEP
MF-3-1.2-Whole-D7-3C,3,1,UPS,1.2,7,whole,3,6.66,328.6,,,,,,,,,,,,KEEP
MF1-1.2-63-HTST-Whole-3,1,1,LS,1.2,63,whole,3,6.61,327.8,,,,,,,,,,,,KEEP
MF1-1.2-49-HTST-Whole-10,1,1,LS,1.2,49,whole,10,6.78,327.7,,,,,,,,,,,,KEEP
MF4-1.2-Whole-D56-6.5C,4,2,UPS,1.2,56,whole,6.5,6.63,327.4,,,,,,,,,,,,KEEP
MF4-0.8-Whole-D42-3C,4,1,UPS,0.8,42,whole,3,6.73,326.9,,,,,,,,,,,,KEEP
MF-3-0.8-Whole-D7-10C,3,2,UPS,0.8,7,whole,10,6.65,326.9,,,,,,,,,,,,KEEP
MF1-1.2-28-HTST-Whole-10,1,1,LS,1.2,28,whole,10,6.72,326.8,,,,,,,,,,,,KEEP
MF-2-1.2-Whole-D42-6.5C,2,2,UPS,1.2,42,whole,6.5,6.43,1079.9,TRUE,,,,,,,,,,,PPC
MF-2-0.8-Whole-D35-10C,2,1,UPS,0.8,35,whole,10,6.5,1224.8,TRUE,,,,,,,,,,,KEEP
MF4-0.8-Whole-D28-6.5C,4,1,UPS,0.8,28,whole,6.5,6.79,326.7,,,,,,,,,,,,KEEP
MF1-1.2-21-HTST-Whole-3,1,1,LS,1.2,21,whole,3,6.81,326.1,,,,,,,,,,,,KEEP
MF4-0.8-Whole-D14-6.5C,4,1,UPS,0.8,14,whole,6.5,6.73,326.1,,,,,,,,,,,,KEEP
MF-2-0.8-Whole-D14-6.5C,2,1,UPS,0.8,14,whole,6.5,6.71,325.4,,,,,,,,,,,,KEEP
MF3-0.8-Whole-D21-3C,3,2,UPS,0.8,21,whole,3,6.69,325,,,,,,,,,,,,KEEP
MF4-0.8-Whole-D56-10C,4,1,UPS,0.8,56,whole,10,5.64,325,,,,,,,,,,,,KEEP
MF3-0.8-Whole-D35-6.5C,3,2,UPS,0.8,35,whole,6.5,6.72,324.6,,,,,,,,,,,,KEEP
MF4-1.2-Whole-D14-6.5C,4,2,UPS,1.2,14,whole,6.5,6.7,324.6,,,,,,,,,,,,KEEP
MF1-1.2-42-HTST-Whole-3,1,1,LS,1.2,42,whole,3,6.9,324.3,,,,,,,,,,,,KEEP
MF1-1.2-42-HTST-Whole-3,1,1,LS,1.2,42,whole,3,6.88,323.7,,,,,,,,,,,,KEEP
MF-3-0.8-Whole-D7-3C,3,2,UPS,0.8,7,whole,3,6.65,323.6,,,,,,,,,,,,KEEP
MF4-1.2-Whole-D28-6.5C,4,2,UPS,1.2,28,whole,6.5,6.78,323.5,,,,,,,,,,,,KEEP
MF-2-0.8-Whole-D28-3C,2,1,UPS,0.8,28,whole,3,6.72,323.4,,,,,,,,,,,,KEEP
MF1-1.2-21-HTST-Whole-10,1,1,LS,1.2,21,whole,10,6.77,323.3,,,,,,,,,,,,KEEP
MF4-1.2-Whole-D42-3C,4,2,UPS,1.2,42,whole,3,6.74,322.5,,,,,,,,,,,,KEEP
MF4-1.2-Whole-D42-3C,4,2,UPS,1.2,42,whole,3,6.74,322.3,,,,,,,,,,,,KEEP
MF-2-0.8-Whole-D35-6.5C,2,1,UPS,0.8,35,whole,6.5,6.78,322,,,,,,,,,,,,KEEP
MF3-1.2-Whole-D21-6.5C,3,1,UPS,1.2,21,whole,6.5,6.69,321.8,,,,,,,,,,,,KEEP
MF-2-0.8-Whole-D14-3C,2,1,UPS,0.8,14,whole,3,6.69,321.7,,,,,,,,,,,,KEEP
MF1-1.2-21-HTST-Whole-6.5,1,1,LS,1.2,21,whole,6.5,6.78,321.5,,,,,,,,,,,,KEEP
MF3-1.2-Whole-D21-3C,3,1,UPS,1.2,21,whole,3,6.69,320.3,,,,,,,,,,,,KEEP
MF-2-0.8-Whole-D35-3C,2,1,UPS,0.8,35,whole,3,6.74,320.2,,,,,,,,,,,,KEEP
MF4-0.8-Whole-D7-6.5C,4,1,UPS,0.8,7,whole,6.5,6.85,320,,,,,,,,,,,,KEEP
MF-2-0.8-Whole-D35-3C,2,1,UPS,0.8,35,whole,3,6.75,319.6,,,,,,,,,,,,KEEP
MF1-1.2-28-HTST-Whole-3,1,1,LS,1.2,28,whole,3,6.8,319.5,,,,,,,,,,,,KEEP
MF4-1.2-Whole-D35-3C,4,2,UPS,1.2,35,whole,3,6.66,318.8,,,,,,,,,,,,KEEP
MF3-0.8-Skim-D42-10C,3,2,UPS,0.8,42,skim,10,6.89,318.7,,,,,,,,,,,,PPC
MF-2-1.2-Whole-D14-10C,2,2,UPS,1.2,14,whole,10,6.03,317.8,,,,,,,,,,,,KEEP
MF1-1.2-28-HTST-Whole-3,1,1,LS,1.2,28,whole,3,6.83,317.6,,,,,,,,,,,,KEEP
MF4-0.8-Whole-D42-10C,4,1,UPS,0.8,42,whole,10,6.03,317.5,,,,,,,,,,,,KEEP
MF3-0.8-Whole-14-3C,3,2,UPS,0.8,14,whole,3,6.65,317.4,,,,,,,,,,,,KEEP
MF3-1.2-Whole-14-3C,3,1,UPS,1.2,14,whole,3,6.69,317.3,,,,,,,,,,,,KEEP
MF4-0.8-Whole-D28-10C,4,1,UPS,0.8,28,whole,10,6.72,316.7,,,,,,,,,,,,KEEP
MF3-0.8-Skim-D42-10C,3,2,UPS,0.8,42,skim,10,6.89,316.1,,,,,,,,,,,,PPC
MF1-1.2-42-HTST-Whole-10,1,1,LS,1.2,42,whole,10,6.41,315.9,,,,,,,,,,,,PPC
MF4-1.2-Whole-D35-10C,4,2,UPS,1.2,35,whole,10,6.65,315.9,,,,,,,,,,,,KEEP
MF1-1.2-35-HTST-Whole-10,1,1,LS,1.2,35,whole,10,,315.3,,,,,,,,,,,,KEEP
MF3-0.8-Whole-14-3C,3,2,UPS,0.8,14,whole,3,6.65,315,,,,,,,,,,,,KEEP
MF4-0.8-Whole-D7-6.5C,4,1,UPS,0.8,7,whole,6.5,6.85,315,,,,,,,,,,,,KEEP
MF-2-1.2-Whole-D28-3C,2,2,UPS,1.2,28,whole,3,6.7,314.4,,,,,,,,,,,,KEEP
MF1-1.2-56-HTST-Whole-3,1,1,LS,1.2,56,whole,3,6.71,314.3,,,,,,,,,,,,KEEP
MF4-0.8-Whole-D42-3C,4,1,UPS,0.8,42,whole,3,6.72,314.2,,,,,,,,,,,,KEEP
MF4-1.2-Whole-D0,4,2,UPS,1.2,0,whole,3,6.7,314,,,,,,,,,,,,KEEP
MF4-1.2-Whole-D0,4,2,UPS,1.2,0,whole,6.5,6.7,314,,,,,,,,,,,,KEEP
MF4-1.2-Whole-D0,4,2,UPS,1.2,0,whole,10,6.7,314,,,,,,,,,,,,KEEP
MF1-1.2-63-HTST-Whole-6.5,1,1,LS,1.2,63,whole,6.5,6.68,313.6,,,,,,,,,,,,KEEP
MF3-1.2-Whole-D21-10C,3,1,UPS,1.2,21,whole,10,6.68,312.9,,,,,,,,,,,,KEEP
MF-2-0.8-Whole-D21-3C,2,1,UPS,0.8,21,whole,3,6.71,312.6,,,,,,,,,,,,KEEP
MF3-0.8-Whole-14-6.5C,3,2,UPS,0.8,14,whole,6.5,6.68,312.2,,,,,,,,,,,,KEEP
MF-2-0.8-Whole-D7-3C,2,1,UPS,0.8,7,whole,3,6.75,311.3,,,,,,,,,,,,KEEP
MF-2-0.8-Whole-D28-3C,2,1,UPS,0.8,28,whole,3,6.75,311.3,,,,,,,,,,,,KEEP
MF4-1.2-Whole-D21-10C,4,2,UPS,1.2,21,whole,10,6.67,311.3,,,,,,,,,,,,KEEP
MF3-1.2-Whole-14-10C,3,1,UPS,1.2,14,whole,10,6.69,311.2,,,,,,,,,,,,KEEP
MF4-0.8-Whole-D28-3C,4,1,UPS,0.8,28,whole,3,6.78,311.1,,,,,,,,,,,,KEEP
MF-3-0.8-Whole-D7-10C,3,2,UPS,0.8,7,whole,10,6.65,310.9,,,,,,,,,,,,KEEP
MF4-1.2-Whole-D21-3C,4,2,UPS,1.2,21,whole,3,6.77,309.5,,,,,,,,,,,,KEEP
MF4-0.8-Whole-D14-6.5C,4,1,UPS,0.8,14,whole,6.5,6.73,309.3,,,,,,,,,,,,KEEP
MF3-1.2-Whole-D21-10C,3,1,UPS,1.2,21,whole,10,6.67,308.5,,,,,,,,,,,,KEEP
MF4-0.8-Whole-D0,4,1,UPS,0.8,0,whole,3,6.68,307.3,,,,,,,,,,,,KEEP
MF4-0.8-Whole-D0,4,1,UPS,0.8,0,whole,6.5,6.68,307.3,,,,,,,,,,,,KEEP
MF4-0.8-Whole-D0,4,1,UPS,0.8,0,whole,10,6.68,307.3,,,,,,,,,,,,KEEP
MF4-0.8-Whole-D14-3C,4,1,UPS,0.8,14,whole,3,6.74,307,,,,,,,,,,,,KEEP
MF-2-1.2-Whole-D21-10C,2,2,UPS,1.2,21,whole,10,6.72,306.9,,,,,,,,,,,,KEEP
MF-2-0.8-Whole-D7-6.5C,2,1,UPS,0.8,7,whole,6.5,6.77,306.7,,,,,,,,,,,,KEEP
MF4-0.8-Whole-D21-3C,4,1,UPS,0.8,21,whole,3,6.76,306.6,,,,,,,,,,,,KEEP
MF4-0.8-Whole-D28-6.5C,4,1,UPS,0.8,28,whole,6.5,6.79,306.6,,,,,,,,,,,,KEEP
MF4-1.2-Whole-D21-6.5C,4,2,UPS,1.2,21,whole,6.5,6.75,305.8,,,,,,,,,,,,KEEP
MF-2-0.8-Whole-D7-3C,2,1,UPS,0.8,7,whole,3,6.78,305.6,,,,,,,,,,,,KEEP
MF4-1.2-Whole-D14-3C,4,2,UPS,1.2,14,whole,3,6.71,305.3,,,,,,,,,,,,KEEP
MF-3-1.2-Whole-D7-3C,3,1,UPS,1.2,7,whole,3,6.66,305.2,,,,,,,,,,,,KEEP
MF-2-1.2-Whole-D7-10C,2,2,UPS,1.2,7,whole,10,6.82,305.1,,,,,,,,,,,,KEEP
1-14-1.2-whole-HTST-3,1,1,LS,1.2,14,whole,3,6.66,305,,,,,,,,,,,,KEEP
MF4-0.8-Whole-D21-10C,4,1,UPS,0.8,21,whole,10,6.69,304.9,,,,,,,,,,,,KEEP
MF3-1.2-Whole-D21-3C,3,1,UPS,1.2,21,whole,3,6.69,304.8,,,,,,,,,,,,KEEP
MF4-0.8-Whole-D42-10C,4,1,UPS,0.8,42,whole,10,6.03,304.2,,,,,,,,,,,,KEEP
MF-1-1.2-7-Whole-HTST-10,1,1,LS,1.2,7,whole,10,6.7,303.6,,,,,,,,,,,,KEEP
MF-2-1.2-Whole-D28-3C,2,2,UPS,1.2,28,whole,3,6.71,303.6,,,,,,,,,,,,KEEP
MF4-0.8-Whole-D7-3C,4,1,UPS,0.8,7,whole,3,6.84,303.5,,,,,,,,,,,,KEEP
MF4-0.8-Whole-D21-10C,4,1,UPS,0.8,21,whole,10,6.7,303.4,,,,,,,,,,,,KEEP
MF-2-1.2-Whole-D7-10C,2,2,UPS,1.2,7,whole,10,6.84,302.4,,,,,,,,,,,,KEEP
1-14-1.2-whole-HTST-6.5,1,1,LS,1.2,14,whole,6.5,6.65,302.3,,,,,,,,,,,,KEEP
MF-1-1.2-7-Whole-HTST-6.5,1,1,LS,1.2,7,whole,6.5,6.72,302.2,,,,,,,,,,,,KEEP
MF-2-0.8-Whole-D21-3C,2,1,UPS,0.8,21,whole,3,6.69,301.7,,,,,,,,,,,,KEEP
MF-2-0.8-Whole-D21-6.5C,2,1,UPS,0.8,21,whole,6.5,6.72,301.5,,,,,,,,,,,,KEEP
MF4-1.2-Whole-D14-3C,4,2,UPS,1.2,14,whole,3,6.71,301.3,,,,,,,,,,,,KEEP
MF4-0.8-Whole-D21-6.5C,4,1,UPS,0.8,21,whole,6.5,6.76,301.3,,,,,,,,,,,,KEEP
MF3-0.8-Whole-D42-10C,3,2,UPS,0.8,42,whole,10,5.6,1321.5,TRUE,,,,,,,,,,,KEEP
MF-2-0.8-Whole-D63-10C,2,1,UPS,0.8,63,whole,10,6.47,1334.4,TRUE,,,,,,,,,,,KEEP
MF4-0.8-Whole-D14-3C,4,1,UPS,0.8,14,whole,3,6.74,301.1,,,,,,,,,,,,KEEP
MF4-0.8-Whole-D28-3C,4,1,UPS,0.8,28,whole,3,6.79,300.8,,,,,,,,,,,,KEEP
MF3-0.8-Whole-D42-10C,3,2,UPS,0.8,42,whole,10,5.59,1334.8,TRUE,,,,,,,,,,,KEEP
MF-2-0.8-Whole-D21-10C,2,1,UPS,0.8,21,whole,10,6.49,1412.8,TRUE,,,,,,,,,,,KEEP
MF-3-0.8-Whole-D7-6.5C,3,2,UPS,0.8,7,whole,6.5,6.67,300.5,,,,,,,,,,,,KEEP
MF4-1.2-Whole-D21-3C,4,2,UPS,1.2,21,whole,3,6.76,300.5,,,,,,,,,,,,KEEP
1-14-1.2-whole-HTST-3,1,1,LS,1.2,14,whole,3,6.65,298.5,,,,,,,,,,,,KEEP
MF4-0.8-Whole-D7-3C,4,1,UPS,0.8,7,whole,3,6.85,298.5,,,,,,,,,,,,KEEP
MF4-0.8-Whole-D49-10C,4,1,UPS,0.8,49,whole,10,5.98,298.2,,,,,,,,,,,,KEEP
MF-1-1.2-7-Whole-HTST-3,1,1,LS,1.2,7,whole,3,6.73,298.1,,,,,,,,,,,,KEEP
MF4-1.2-Whole-D0,4,2,UPS,1.2,0,whole,3,6.69,297.8,,,,,,,,,,,,KEEP
MF4-1.2-Whole-D0,4,2,UPS,1.2,0,whole,6.5,6.69,297.8,,,,,,,,,,,,KEEP
MF4-1.2-Whole-D0,4,2,UPS,1.2,0,whole,10,6.69,297.8,,,,,,,,,,,,KEEP
MF-1-1.2-7-Whole-HTST-6.5,1,1,LS,1.2,7,whole,6.5,6.74,297.7,,,,,,,,,,,,KEEP
MF-2-0.8-Whole-D21-6.5C,2,1,UPS,0.8,21,whole,6.5,6.71,297.5,,,,,,,,,,,,KEEP
MF4-1.2-Whole-D56-3C,4,2,UPS,1.2,56,whole,3,6.66,297.4,,,,,,,,,,,,KEEP
MF1-1.2-35-HTST-Whole-3,1,1,LS,1.2,35,whole,3,,297.3,,,,,,,,,,,,KEEP
MF4-0.8-Whole-D21-3C,4,1,UPS,0.8,21,whole,3,6.76,296.7,,,,,,,,,,,,KEEP
MF4-0.8-Whole-D0,4,1,UPS,0.8,0,whole,3,6.7,296.6,,,,,,,,,,,,KEEP
MF4-0.8-Whole-D0,4,1,UPS,0.8,0,whole,6.5,6.7,296.6,,,,,,,,,,,,KEEP
MF4-0.8-Whole-D0,4,1,UPS,0.8,0,whole,10,6.7,296.6,,,,,,,,,,,,KEEP
MF-2-1.2-Whole-D21-6.5C,2,2,UPS,1.2,21,whole,6.5,6.73,295.4,,,,,,,,,,,,KEEP
MF-2-0.8-Whole-D28-10C,2,1,UPS,0.8,28,whole,10,6.52,1476.3,TRUE,,,,,,,,,,,KEEP
MF-2-1.2-Whole-D35-10C,2,2,UPS,1.2,35,whole,10,6.48,1579.1,TRUE,,,,,,,,,,,KEEP
MF3-1.2-Whole-14-10C,3,1,UPS,1.2,14,whole,10,6.68,295.1,,,,,,,,,,,,KEEP
MF-2-1.2-Whole-D21-6.5C,2,2,UPS,1.2,21,whole,6.5,6.73,294.6,,,,,,,,,,,,KEEP
MF-2-0.8-Whole-D28-10C,2,1,UPS,0.8,28,whole,10,6.48,1590.4,TRUE,,,,,,,,,,,KEEP
MF-2-1.2-Whole-D42-6.5C,2,2,UPS,1.2,42,whole,6.5,6.44,1597.4,TRUE,,,,,,,,,,,PPC
1-14-1.2-whole-HTST-6.5,1,1,LS,1.2,14,whole,6.5,6.65,294.1,,,,,,,,,,,,KEEP
MF-2-1.2-Whole-D28-10C,2,2,UPS,1.2,28,whole,10,6.67,293.9,,,,,,,,,,,,KEEP
MF1-1.2-35-HTST-Whole-3,1,1,LS,1.2,35,whole,3,,293.8,,,,,,,,,,,,KEEP
MF-2-1.2-Whole-D28-10C,2,2,UPS,1.2,28,whole,10,6.66,293.4,,,,,,,,,,,,KEEP
MF4-1.2-Whole-D7-6.5C,4,2,UPS,1.2,7,whole,6.5,6.81,292.3,,,,,,,,,,,,KEEP
MF4-0.8-Whole-D21-6.5C,4,1,UPS,0.8,21,whole,6.5,6.74,292.3,,,,,,,,,,,,KEEP
MF1-1.2-42-HTST-Whole-10,1,1,LS,1.2,42,whole,10,6.41,291.7,,,,,,,,,,,,PPC
MF4-1.2-Whole-D28-3C,4,2,UPS,1.2,28,whole,3,6.81,291.5,,,,,,,,,,,,KEEP
MF-2-1.2-Whole-D14-10C,2,2,UPS,1.2,14,whole,10,6.03,291.4,,,,,,,,,,,,KEEP
MF-2-1.2-Whole-D42-3C,2,2,UPS,1.2,42,whole,3,6.7,291,,,,,,,,,,,,KEEP
MF-2-0.8-Whole-D63-6.5C,2,1,UPS,0.8,63,whole,6.5,6.61,290.7,,,,,,,,,,,,KEEP
MF-2-1.2-Whole-D28-6.5C,2,2,UPS,1.2,28,whole,6.5,6.73,290.4,,,,,,,,,,,,KEEP
MF-2-1.2-Whole-D14-3C,2,2,UPS,1.2,14,whole,3,6.74,289.9,,,,,,,,,,,,KEEP
MF-3-1.2-Whole-D0-na,3,1,UPS,1.2,0,whole,3,6.72,289,,,,,,,,,,,,KEEP
MF-3-1.2-Whole-D0-na,3,1,UPS,1.2,0,whole,6.5,6.72,289,,,,,,,,,,,,KEEP
MF-3-1.2-Whole-D0-na,3,1,UPS,1.2,0,whole,10,6.72,289,,,,,,,,,,,,KEEP
MF4-1.2-Whole-D7-3C,4,2,UPS,1.2,7,whole,3,6.81,289,,,,,,,,,,,,KEEP
MF-2-1.2-Whole-D21-10C,2,2,UPS,1.2,21,whole,10,6.7,288.9,,,,,,,,,,,,KEEP
MF-2-0.8-Whole-D14-10C,2,1,UPS,0.8,14,whole,10,6.51,1674.9,TRUE,,,,,,,,,,,KEEP
1-14-1.2-whole-HTST-10,1,1,LS,1.2,14,whole,10,6.54,1698.6,TRUE,,,,,,,,,,,KEEP
MF-2-0.8-Whole-D21-10C,2,1,UPS,0.8,21,whole,10,6.47,1741.9,TRUE,,,,,,,,,,,KEEP
MF-2-0.8-Whole-D49-10C,2,1,UPS,0.8,49,whole,10,6.54,1796.4,TRUE,,,,,,,,,,,KEEP
MF3-0.8-Whole-D49-10C,3,2,UPS,0.8,49,whole,10,5.86,1832.5,TRUE,,,,,,,,,,,KEEP
MF-2-1.2-Whole-D35-10C,2,2,UPS,1.2,35,whole,10,6.48,1834,TRUE,,,,,,,,,,,KEEP
MF4-0.8-Whole-D35-3C,4,1,UPS,0.8,35,whole,3,6.67,288.8,,,,,,,,,,,,KEEP
MF4-1.2-Whole-D21-10C,4,2,UPS,1.2,21,whole,10,6.67,288.6,,,,,,,,,,,,KEEP
MF1-1.2-35-HTST-Whole-6.5,1,1,LS,1.2,35,whole,6.5,,288.2,,,,,,,,,,,,KEEP
MF-2-0.8-Whole-D28-6.5C,2,1,UPS,0.8,28,whole,6.5,6.72,287.6,,,,,,,,,,,,KEEP
MF-1-1.2-Whole-D0,1,1,LS,1.2,0,whole,3,6.58,287,,milkoscan,3.38,3.33,5.05,12.47,9.09,,,,,KEEP
MF-1-1.2-Whole-D0,1,1,LS,1.2,0,whole,6.5,6.58,287,,milkoscan,3.38,3.33,5.05,12.47,9.09,,,,,KEEP
MF-1-1.2-Whole-D0,1,1,LS,1.2,0,whole,10,6.58,287,,milkoscan,3.38,3.33,5.05,12.47,9.09,,,,,KEEP
MF4-1.2-Whole-D21-6.5C,4,2,UPS,1.2,21,whole,6.5,6.75,287,,,,,,,,,,,,KEEP
MF-3-1.2-Whole-D7-10C,3,1,UPS,1.2,7,whole,10,6.68,286.2,,,,,,,,,,,,KEEP
MF-2-1.2-Whole-D14-3C,2,2,UPS,1.2,14,whole,3,6.73,286.1,,,,,,,,,,,,KEEP
MF-3-1.2-Whole-D7-10C,3,1,UPS,1.2,7,whole,10,6.68,286.1,,,,,,,,,,,,KEEP
MF-2-1.2-Whole-D42-3C,2,2,UPS,1.2,42,whole,3,6.69,285.9,,,,,,,,,,,,KEEP
MF-3-1.2-Whole-D7-6.5C,3,1,UPS,1.2,7,whole,6.5,6.67,284.3,,,,,,,,,,,,KEEP
MF4-0.8-Whole-D35-3C,4,1,UPS,0.8,35,whole,3,6.68,284.2,,,,,,,,,,,,KEEP
MF1-1.2-35-HTST-Whole-10,1,1,LS,1.2,35,whole,10,,283.1,,,,,,,,,,,,KEEP
MF-2-0.8-Whole-D7-6.5C,2,1,UPS,0.8,7,whole,6.5,6.77,283,,,,,,,,,,,,KEEP
MF-3-1.2-Whole-D0-na,3,1,UPS,1.2,0,whole,3,6.71,281.8,,,,,,,,,,,,KEEP
MF-3-1.2-Whole-D0-na,3,1,UPS,1.2,0,whole,6.5,6.71,281.8,,,,,,,,,,,,KEEP
MF-2-1.2-Whole-D49-10C,2,2,UPS,1.2,49,whole,10,6.52,1861.7,TRUE,,,,,,,,,,,KEEP
MF-2-0.8-Whole-D14-10C,2,1,UPS,0.8,14,whole,10,6.53,1912.9,TRUE,,,,,,,,,,,KEEP
MF-3-1.2-Whole-D0-na,3,1,UPS,1.2,0,whole,10,6.71,281.8,,,,,,,,,,,,KEEP
MF-1-1.2-7-Whole-HTST-3,1,1,LS,1.2,7,whole,3,6.74,281.1,,,,,,,,,,,,KEEP
MF-2-0.8-Whole-D42-10C,2,1,UPS,0.8,42,whole,10,6.49,1922.3,TRUE,,,,,,,,,,,KEEP
MF-2-0.8-Whole-D63-10C,2,1,UPS,0.8,63,whole,10,6.45,1935.8,TRUE,,,,,,,,,,,KEEP
MF4-0.8-Whole-D63-10C,3,2,UPS,0.8,56,whole,10,5.61,1941.8,TRUE,,,,,,,,,,,KEEP
MF4-0.8-Whole-D63-10C,4,1,UPS,0.8,63,whole,10,5.98,1941.8,TRUE,,,,,,,,,,,KEEP
MF-2-0.8-Whole-D63-3C,2,1,UPS,0.8,63,whole,3,6.72,279.5,,,,,,,,,,,,KEEP
MF-2-1.2-Whole-D14-6.5C,2,2,UPS,1.2,14,whole,6.5,6.74,279.4,,,,,,,,,,,,KEEP
MF4-1.2-Whole-D56-3C,4,2,UPS,1.2,56,whole,3,6.67,278.8,,,,,,,,,,,,KEEP
MF-2-1.2-Whole-D7-3C,2,2,UPS,1.2,7,whole,3,6.69,278.8,,,,,,,,,,,,KEEP
MF-2-1.2-Whole-D14-6.5C,2,2,UPS,1.2,14,whole,6.5,6.76,278.8,,,,,,,,,,,,KEEP
MF-1-1.2-7-Whole-HTST-10,1,1,LS,1.2,7,whole,10,6.7,278.6,,,,,,,,,,,,KEEP
MF-2-0.8-Whole-D0,2,1,UPS,0.8,0,whole,3,6.73,278.6,,milkoscan,3.15,3.09,4.48,11.54,8.28,,,,,KEEP
MF-2-0.8-Whole-D0,2,1,UPS,0.8,0,whole,6.5,6.73,278.6,,milkoscan,3.15,3.09,4.48,11.54,8.28,,,,,KEEP
MF-2-0.8-Whole-D0,2,1,UPS,0.8,0,whole,10,6.73,278.6,,milkoscan,3.15,3.09,4.48,11.54,8.28,,,,,KEEP
MF3-1.2-Whole-D21-6.5C,3,1,UPS,1.2,21,whole,6.5,6.7,278.6,,,,,,,,,,,,KEEP
MF-2-1.2-Whole-D7-6.5C,2,2,UPS,1.2,7,whole,6.5,6.73,277.1,,,,,,,,,,,,KEEP
MF-1-1.2-Whole-D0,1,1,LS,1.2,0,whole,3,6.59,276.9,,milkoscan,3.38,3.34,5.05,12.49,9.1,,,,,KEEP
MF-1-1.2-Whole-D0,1,1,LS,1.2,0,whole,6.5,6.59,276.9,,milkoscan,3.38,3.34,5.05,12.49,9.1,,,,,KEEP
MF-1-1.2-Whole-D0,1,1,LS,1.2,0,whole,10,6.59,276.9,,milkoscan,3.38,3.34,5.05,12.49,9.1,,,,,KEEP
MF4-1.2-Whole-D42-10C,4,2,UPS,1.2,42,whole,10,5.41,1951.8,TRUE,,,,,,,,,,,KEEP
MF3-0.8-Whole-D49-10C,3,2,UPS,0.8,49,whole,10,5.87,2029.5,TRUE,,,,,,,,,,,KEEP
MF-2-0.8-Whole-D35-10C,2,1,UPS,0.8,35,whole,10,6.49,2071.3,TRUE,,,,,,,,,,,KEEP
MF4-1.2-Whole-D42-10C,4,2,UPS,1.2,42,whole,10,5.42,2182,TRUE,,,,,,,,,,,KEEP
MF-3-1.2-Whole-D7-6.5C,3,1,UPS,1.2,7,whole,6.5,6.67,276.8,,,,,,,,,,,,KEEP
MF4-0.8-Whole-D49-10C,4,1,UPS,0.8,49,whole,10,6.02,275.5,,,,,,,,,,,,KEEP
MF4-0.8-Whole-D63-10C,3,2,UPS,0.8,56,whole,10,5.61,2186.5,TRUE,,,,,,,,,,,KEEP
MF4-0.8-Whole-D63-10C,4,1,UPS,0.8,63,whole,10,5.99,2186.5,TRUE,,,,,,,,,,,KEEP
MF-2-0.8-Whole-D42-10C,2,1,UPS,0.8,42,whole,10,6.48,2264.9,TRUE,,,,,,,,,,,KEEP
MF-2-0.8-Whole-D56-10C,2,1,UPS,0.8,56,whole,10,6.58,2763.3,TRUE,,,,,,,,,,,KEEP
MF4-1.2-Whole-D42-6.5C,4,2,UPS,1.2,42,whole,6.5,6.71,273,,,,,,,,,,,,KEEP
MF-2-0.8-Whole-D7-10C,2,1,UPS,0.8,7,whole,10,6.63,272.8,,,,,,,,,,,,KEEP
MF4-1.2-Whole-D7-3C,4,2,UPS,1.2,7,whole,3,6.8,271.9,,,,,,,,,,,,KEEP
MF4-1.2-Whole-D42-6.5C,4,2,UPS,1.2,42,whole,6.5,6.72,268.9,,,,,,,,,,,,KEEP
MF-2-1.2-Whole-D35-3C,2,2,UPS,1.2,35,whole,3,6.82,268,,,,,,,,,,,,KEEP
MF-3-0.8-Whole-D0-na,3,2,UPS,0.8,0,whole,3,6.67,267.1,,,,,,,,,,,,KEEP
MF-3-0.8-Whole-D0-na,3,2,UPS,0.8,0,whole,6.5,6.67,267.1,,,,,,,,,,,,KEEP
MF-3-0.8-Whole-D0-na,3,2,UPS,0.8,0,whole,10,6.67,267.1,,,,,,,,,,,,KEEP
MF4-1.2-Whole-D7-6.5C,4,2,UPS,1.2,7,whole,6.5,6.82,266.7,,,,,,,,,,,,KEEP
MF-2-1.2-Whole-D7-6.5C,2,2,UPS,1.2,7,whole,6.5,6.73,265.8,,,,,,,,,,,,KEEP
MF-2-0.8-Whole-D7-10C,2,1,UPS,0.8,7,whole,10,6.65,265.2,,,,,,,,,,,,KEEP
MF-2-0.8-Whole-D0,2,1,UPS,0.8,0,whole,3,6.73,260.6,,milkoscan,2.79,2.8,4.04,10.53,7.51,,,,,KEEP
MF-2-0.8-Whole-D0,2,1,UPS,0.8,0,whole,6.5,6.73,260.6,,milkoscan,2.79,2.8,4.04,10.53,7.51,,,,,KEEP
MF-2-0.8-Whole-D0,2,1,UPS,0.8,0,whole,10,6.73,260.6,,milkoscan,2.79,2.8,4.04,10.53,7.51,,,,,KEEP
MF-2-1.2-Whole-D21-3C,2,2,UPS,1.2,21,whole,3,6.7,259.8,,,,,,,,,,,,KEEP
MF4-0.8-Whole-D7-10C,4,1,UPS,0.8,7,whole,10,6.76,259.5,,,,,,,,,,,,KEEP
MF4-0.8-Whole-D14-10C,4,1,UPS,0.8,14,whole,10,5.73,2962.6,TRUE,,,,,,,,,,,KEEP
MF-3-0.8-Whole-D0-na,3,2,UPS,0.8,0,whole,3,6.71,256.4,,,,,,,,,,,,KEEP
MF-3-0.8-Whole-D0-na,3,2,UPS,0.8,0,whole,6.5,6.71,256.4,,,,,,,,,,,,KEEP
MF-3-0.8-Whole-D0-na,3,2,UPS,0.8,0,whole,10,6.71,256.4,,,,,,,,,,,,KEEP
MF4-0.8-Whole-D14-10C,4,1,UPS,0.8,14,whole,10,5.74,3247.7,TRUE,,,,,,,,,,,KEEP
MF4-0.8-Whole-D7-10C,4,1,UPS,0.8,7,whole,10,6.77,254.6,,,,,,,,,,,,KEEP
MF3-1.2-Skim-D28-10C,3,1,UPS,1.2,28,skim,10,6.52,5597.7,TRUE,,,,,,,,,,,KEEP
MF-2-1.2-Whole-D7-3C,2,2,UPS,1.2,7,whole,3,6.69,254.3,,,,,,,,,,,,KEEP
MF-2-1.2-Whole-D0,2,2,UPS,1.2,0,whole,3,6.73,252.9,,milkoscan,3.49,3.37,4.94,12.54,9.04,,,,,KEEP
MF-2-1.2-Whole-D0,2,2,UPS,1.2,0,whole,6.5,6.73,252.9,,milkoscan,3.49,3.37,4.94,12.54,9.04,,,,,KEEP
MF-2-1.2-Whole-D0,2,2,UPS,1.2,0,whole,10,6.73,252.9,,milkoscan,3.49,3.37,4.94,12.54,9.04,,,,,KEEP
MF-1-0.8-Whole-1,1,2,LS,0.8,0,whole,3,6.52,249.1,,milkoscan,3.28,3.28,4.74,12.08,8.74,,,,,KEEP
MF-1-0.8-Whole-1,1,2,LS,0.8,0,whole,6.5,6.52,249.1,,milkoscan,3.28,3.28,4.74,12.08,8.74,,,,,KEEP
MF-1-0.8-Whole-1,1,2,LS,0.8,0,whole,10,6.52,249.1,,milkoscan,3.28,3.28,4.74,12.08,8.74,,,,,KEEP
MF-2-1.2-Whole-D21-3C,2,2,UPS,1.2,21,whole,3,6.7,248.9,,,,,,,,,,,,KEEP
MF-1-0.8-Whole-1,1,2,LS,0.8,0,whole,3,6.5,245.6,,milkoscan,3.3,3.3,4.74,12.13,8.76,,,,,KEEP
MF-1-0.8-Whole-1,1,2,LS,0.8,0,whole,6.5,6.5,245.6,,milkoscan,3.3,3.3,4.74,12.13,8.76,,,,,KEEP
MF-1-0.8-Whole-1,1,2,LS,0.8,0,whole,10,6.5,245.6,,milkoscan,3.3,3.3,4.74,12.13,8.76,,,,,KEEP
MF-2-1.2-Whole-D0,2,2,UPS,1.2,0,whole,3,6.75,243.6,,milkoscan,3.44,3.34,4.89,12.42,8.95,,,,,KEEP
MF-2-1.2-Whole-D0,2,2,UPS,1.2,0,whole,6.5,6.75,243.6,,milkoscan,3.44,3.34,4.89,12.42,8.95,,,,,KEEP
MF-2-1.2-Whole-D0,2,2,UPS,1.2,0,whole,10,6.75,243.6,,milkoscan,3.44,3.34,4.89,12.42,8.95,,,,,KEEP
MF4-1.2-Whole-D49-10C,4,2,UPS,1.2,49,whole,10,5.67,230.6,,,,,,,,,,,,KEEP
MF4-1.2-Whole-D49-10C,4,2,UPS,1.2,49,whole,10,5.65,226.6,,,,,,,,,,,,KEEP
MF4-0.8-Skim-D56-3C,4,1,UPS,0.8,56,skim,3,6.66,222.1,,,,,,,,,,,,KEEP
MF-2-1.2-Skim-D28-10C,2,2,UPS,1.2,28,skim,10,6.57,6778.5,TRUE,,,,,,,,,,,KEEP
MF4-0.8-Skim-D28-10C,4,1,UPS,0.8,28,skim,10,6.84,220.6,,,,,,,,,,,,KEEP
MF4-0.8-Skim-D56-3C,4,1,UPS,0.8,56,skim,3,6.64,218.3,,,,,,,,,,,,KEEP
MF4-0.8-Skim-D28-10C,4,1,UPS,0.8,28,skim,10,6.83,217.1,,,,,,,,,,,,KEEP
MF-2-0.8-Skim-D14-10C,2,1,UPS,0.8,14,skim,10,6.56,7571.7,TRUE,,,,,,,,,,,KEEP
MF4-0.8-Skim-D49-6.5C,4,1,UPS,0.8,49,skim,6.5,6.65,216.8,,,,,,,,,,,,KEEP
MF4-0.8-Skim-D49-6.5C,4,1,UPS,0.8,49,skim,6.5,6.65,214.9,,,,,,,,,,,,KEEP
MF4-0.8-Skim-D14-10C,4,1,UPS,0.8,14,skim,10,6.72,214.3,,,,,,,,,,,,KEEP
MF4-0.8-Skim-D63-3C,3,2,UPS,0.8,56,skim,3,6.86,214.2,,,,,,,,,,,,KEEP
MF4-0.8-Skim-D63-3C,4,1,UPS,0.8,63,skim,3,6.53,214.2,,,,,,,,,,,,ERROR
MF4-0.8-Skim-D14-10C,4,1,UPS,0.8,14,skim,10,6.72,212.6,,,,,,,,,,,,KEEP
MF4-0.8-Skim-D56-6.5C,4,1,UPS,0.8,56,skim,6.5,5.82,210.6,,,,,,,,,,,,KEEP
MF4-0.8-Skim-D7-10C,4,1,UPS,0.8,7,skim,10,6.85,208.3,,,,,,,,,,,,KEEP
MF4-0.8-Skim-D63-6.5C,3,2,UPS,0.8,56,skim,6.5,6.8,207.6,,,,,,,,,,,,KEEP
MF4-0.8-Skim-D63-6.5C,4,1,UPS,0.8,63,skim,6.5,6.61,207.6,,,,,,,,,,,,KEEP
MF4-0.8-Skim-D28-6.5C,4,1,UPS,0.8,28,skim,6.5,6.83,207.4,,,,,,,,,,,,KEEP
MF4-0.8-Skim-D21-10C,4,1,UPS,0.8,21,skim,10,6.67,206.1,,,,,,,,,,,,KEEP
MF4-0.8-Skim-D42-6.5C,4,1,UPS,0.8,42,skim,6.5,6.67,205.9,,,,,,,,,,,,KEEP
MF4-0.8-Skim-D42-3C,4,1,UPS,0.8,42,skim,3,6.66,205.8,,,,,,,,,,,,PPC
MF4-0.8-Skim-D42-6.5C,4,1,UPS,0.8,42,skim,6.5,6.66,205.7,,,,,,,,,,,,KEEP
MF4-0.8-Skim-D35-10C,4,1,UPS,0.8,35,skim,10,6.49,205.1,,,,,,,,,,,,KEEP
MF4-0.8-Skim-D21-10C,4,1,UPS,0.8,21,skim,10,6.68,205,,,,,,,,,,,,KEEP
MF4-0.8-Skim-D28-3C,4,1,UPS,0.8,28,skim,3,6.78,204.9,,,,,,,,,,,,KEEP
MF4-0.8-Skim-D14-6.5C,4,1,UPS,0.8,14,skim,6.5,6.73,203.7,,,,,,,,,,,,KEEP
MF-2-0.8-Skim-D21-10C,2,1,UPS,0.8,21,skim,10,6.52,7880.7,TRUE,,,,,,,,,,,KEEP
MF1-1.2-49-HTST-Skim-10,1,1,LS,1.2,49,skim,10,6.7,7969.8,TRUE,,,,,,,,,,,KEEP
MF4-0.8-Skim-D35-10C,4,1,UPS,0.8,35,skim,10,6.5,203.7,,,,,,,,,,,,KEEP
MF4-0.8-Skim-D28-6.5C,4,1,UPS,0.8,28,skim,6.5,6.81,203.6,,,,,,,,,,,,KEEP
MF-2-1.2-Whole-D42-10C,2,2,UPS,1.2,42,whole,10,6.2,8631.9,TRUE,,,,,,,,,,,KEEP
MF-2-0.8-Skim-D49-10C,2,1,UPS,0.8,49,skim,10,6.45,9120.9,TRUE,,,,,,,,,,,KEEP
MF4-0.8-Skim-D28-3C,4,1,UPS,0.8,28,skim,3,6.79,203.3,,,,,,,,,,,,KEEP
MF4-0.8-Skim-D56-6.5C,4,1,UPS,0.8,56,skim,6.5,5.81,203.3,,,,,,,,,,,,KEEP
MF4-0.8-Skim-D14-6.5C,4,1,UPS,0.8,14,skim,6.5,6.74,202.3,,,,,,,,,,,,KEEP
MF3-0.8-Skim-D49-6.5C,3,2,UPS,0.8,49,skim,6.5,6.71,201.8,,,,,,,,,,,,KEEP
MF3-0.8-Skim-D49-3C,3,2,UPS,0.8,49,skim,3,6.73,201.6,,,,,,,,,,,,KEEP
MF4-0.8-Skim-D14-3C,4,1,UPS,0.8,14,skim,3,6.75,201.6,,,,,,,,,,,,KEEP
MF4-0.8-Skim-D63-6.5C,3,2,UPS,0.8,56,skim,6.5,6.8,200.8,,,,,,,,,,,,KEEP
MF4-0.8-Skim-D63-6.5C,4,1,UPS,0.8,63,skim,6.5,6.6,200.8,,,,,,,,,,,,KEEP
MF3-1.2-Skim-D49-6.5C,3,1,UPS,1.2,49,skim,6.5,6.69,200.6,,,,,,,,,,,,KEEP
MF4-0.8-Skim-D63-3C,3,2,UPS,0.8,56,skim,3,6.89,200.4,,,,,,,,,,,,KEEP
MF4-0.8-Skim-D63-3C,4,1,UPS,0.8,63,skim,3,6.57,200.4,,,,,,,,,,,,ERROR
MF3-0.8-Skim-D49-6.5C,3,2,UPS,0.8,49,skim,6.5,6.7,200.3,,,,,,,,,,,,KEEP
MF-2-1.2-Skim-D49-6.5C,2,2,UPS,1.2,49,skim,6.5,6.66,199.5,,,,,,,,,,,,KEEP
MF4-1.2-Skim-D63-3C,3,1,UPS,1.2,56,skim,3,6.81,199.5,,,,,,,,,,,,KEEP
MF4-1.2-Skim-D63-3C,4,2,UPS,1.2,63,skim,3,6.56,199.5,,,,,,,,,,,,ERROR
MF4-0.8-Skim-D21-3C,4,1,UPS,0.8,21,skim,3,6.76,199.4,,,,,,,,,,,,KEEP
MF4-0.8-Skim-D14-3C,4,1,UPS,0.8,14,skim,3,6.75,198.9,,,,,,,,,,,,KEEP
MF4-0.8-Skim-D21-6.5C,4,1,UPS,0.8,21,skim,6.5,6.73,198.8,,,,,,,,,,,,KEEP
MF4-1.2-Skim-D35-10C,4,2,UPS,1.2,35,skim,10,6.56,198.7,,,,,,,,,,,,KEEP
MF4-0.8-Skim-D42-3C,4,1,UPS,0.8,42,skim,3,6.68,198.6,,,,,,,,,,,,PPC
MF3-0.8-Skim-D49-3C,3,2,UPS,0.8,49,skim,3,6.72,198.5,,,,,,,,,,,,KEEP
MF4-1.2-Skim-D63-3C,3,1,UPS,1.2,56,skim,3,6.78,198.2,,,,,,,,,,,,KEEP
MF4-1.2-Skim-D63-3C,4,2,UPS,1.2,63,skim,3,6.56,198.2,,,,,,,,,,,,ERROR
MF3-1.2-Skim-D42-6.5C,3,1,UPS,1.2,42,skim,6.5,6.85,198.1,,,,,,,,,,,,KEEP
MF3-1.2-Skim-D49-6.5C,3,1,UPS,1.2,49,skim,6.5,6.69,197.8,,,,,,,,,,,,KEEP
MF1-1.2-49-HTST-Skim-3,1,1,LS,1.2,49,skim,3,6.7,197.7,,,,,,,,,,,,KEEP
MF4-0.8-Skim-D7-6.5C,4,1,UPS,0.8,7,skim,6.5,6.84,197.6,,,,,,,,,,,,KEEP
MF4-1.2-Skim-D56-6.5C,4,2,UPS,1.2,56,skim,6.5,6.67,197.2,,,,,,,,,,,,PPC
MF4-0.8-Skim-D21-3C,4,1,UPS,0.8,21,skim,3,6.74,196.8,,,,,,,,,,,,KEEP
MF3-1.2-Skim-D49-3C,3,1,UPS,1.2,49,skim,3,6.7,196.6,,,,,,,,,,,,KEEP
MF4-0.8-Skim-D49-3C,4,1,UPS,0.8,49,skim,3,6.67,196.4,,,,,,,,,,,,KEEP
MF4-1.2-Skim-D63-6.5C,3,1,UPS,1.2,56,skim,6.5,6.85,196.1,,,,,,,,,,,,KEEP
MF4-1.2-Skim-D63-6.5C,4,2,UPS,1.2,63,skim,6.5,6.53,196.1,,,,,,,,,,,,ERROR
MF1-1.2-49-HTST-Skim-6.5,1,1,LS,1.2,49,skim,6.5,6.77,196,,,,,,,,,,,,KEEP
MF4-0.8-Skim-D35-6.5C,4,1,UPS,0.8,35,skim,6.5,6.68,195.9,,,,,,,,,,,,KEEP
MF4-0.8-Skim-D0,4,1,UPS,0.8,0,skim,3,6.68,195,,,,,,,,,,,,KEEP
MF4-0.8-Skim-D0,4,1,UPS,0.8,0,skim,6.5,6.68,195,,,,,,,,,,,,KEEP
MF4-0.8-Skim-D0,4,1,UPS,0.8,0,skim,10,6.68,195,,,,,,,,,,,,KEEP
MF4-0.8-Skim-D35-6.5C,4,1,UPS,0.8,35,skim,6.5,6.68,195,,,,,,,,,,,,KEEP
MF-2-0.8-Skim-D49-6.5C,2,1,UPS,0.8,49,skim,6.5,6.68,194.6,,,,,,,,,,,,KEEP
MF3-1.2-Skim-D56-6.5C,3,1,UPS,1.2,56,skim,6.5,6.8,194.6,,,,,,,,,,,,KEEP
MF-2-1.2-Skim-D49-3C,2,2,UPS,1.2,49,skim,3,6.63,194.4,,,,,,,,,,,,KEEP
MF-2-1.2-Skim-D35-6.5C,2,2,UPS,1.2,35,skim,6.5,6.75,194.1,,,,,,,,,,,,KEEP
MF3-1.2-Skim-D28-6.5C,3,1,UPS,1.2,28,skim,6.5,6.73,194.1,,,,,,,,,,,,KEEP
MF3-1.2-Skim-D49-3C,3,1,UPS,1.2,49,skim,3,6.7,193.9,,,,,,,,,,,,KEEP
MF4-1.2-Skim-D63-6.5C,3,1,UPS,1.2,56,skim,6.5,6.88,193.9,,,,,,,,,,,,KEEP
MF4-0.8-Skim-D21-6.5C,4,1,UPS,0.8,21,skim,6.5,6.75,193.9,,,,,,,,,,,,KEEP
MF4-1.2-Skim-D63-6.5C,4,2,UPS,1.2,63,skim,6.5,6.52,193.9,,,,,,,,,,,,ERROR
MF1-1.2-63-HTST-Skim-3,1,1,LS,1.2,63,skim,3,6.6,193.8,,,,,,,,,,,,KEEP
MF1-1.2-28-HTST-Skim-6.5,1,1,LS,1.2,28,skim,6.5,6.81,193.5,,,,,,,,,,,,KEEP
MF-2-0.8-Skim-D49-3C,2,2,UPS,0.8,49,skim,3,6.65,193.4,,,,,,,,,,,,KEEP
MF4-0.8-Skim-D7-6.5C,4,1,UPS,0.8,7,skim,6.5,6.84,193.3,,,,,,,,,,,,KEEP
MF3-0.8-Skim-D28-6.5C,3,2,UPS,0.8,28,skim,6.5,6.7,193.1,,,,,,,,,,,,KEEP
MF4-0.8-Skim-D35-3C,4,1,UPS,0.8,35,skim,3,6.64,193.1,,,,,,,,,,,,KEEP
MF1-1.2-42-HTST-Skim-3,1,1,LS,1.2,42,skim,3,6.68,192.9,,,,,,,,,,,,KEEP
MF4-0.8-Skim-D0,4,1,UPS,0.8,0,skim,3,6.66,192.9,,,,,,,,,,,,KEEP
MF4-0.8-Skim-D0,4,1,UPS,0.8,0,skim,6.5,6.66,192.9,,,,,,,,,,,,KEEP
MF4-0.8-Skim-D0,4,1,UPS,0.8,0,skim,10,6.66,192.9,,,,,,,,,,,,KEEP
MF4-1.2-Skim-D14-6.5C,4,2,UPS,1.2,14,skim,6.5,6.69,192.9,,,,,,,,,,,,KEEP
MF4-0.8-Skim-D7-10C,4,1,UPS,0.8,7,skim,10,6.83,192.8,,,,,,,,,,,,KEEP
MF3-1.2-Skim-D35-3C,3,1,UPS,1.2,35,skim,3,6.7,192.5,,,,,,,,,,,,KEEP
MF4-1.2-Skim-D56-6.5C,4,2,UPS,1.2,56,skim,6.5,6.68,192.1,,,,,,,,,,,,PPC
MF4-1.2-Skim-D28-3C,4,2,UPS,1.2,28,skim,3,6.78,192,,,,,,,,,,,,KEEP
MF1-1.2-42-HTST-Skim-6.5,1,1,LS,1.2,42,skim,6.5,6.75,191.9,,,,,,,,,,,,KEEP
MF3-1.2-Skim-D28-3C,3,1,UPS,1.2,28,skim,3,6.73,191.9,,,,,,,,,,,,KEEP
MF4-1.2-Skim-D14-6.5C,4,2,UPS,1.2,14,skim,6.5,6.68,191.9,,,,,,,,,,,,KEEP
MF4-0.8-Skim-D35-3C,4,1,UPS,0.8,35,skim,3,6.66,191.9,,,,,,,,,,,,KEEP
MF4-0.8-Skim-D49-3C,4,1,UPS,0.8,49,skim,3,6.69,191.8,,,,,,,,,,,,KEEP
MF-2-1.2-Skim-D49-10C,2,2,UPS,1.2,49,skim,10,6.69,191.6,,,,,,,,,,,,PPC
MF3-1.2-Skim-D35-6.5C,3,1,UPS,1.2,35,skim,6.5,6.69,191.5,,,,,,,,,,,,KEEP
MF3-0.8-Skim-D56-3C,3,2,UPS,0.8,56,skim,3,6.79,191.5,,,,,,,,,,,,KEEP
MF-2-1.2-Skim-D35-10C,2,2,UPS,1.2,35,skim,10,6.7,191.4,,,,,,,,,,,,KEEP
MF3-0.8-Skim-D28-6.5C,3,2,UPS,0.8,28,skim,6.5,6.67,191.4,,,,,,,,,,,,KEEP
MF3-0.8-Skim-D56-6.5C,3,2,UPS,0.8,56,skim,6.5,6.78,191.4,,,,,,,,,,,,KEEP
MF3-0.8-Skim-D56-3C,3,2,UPS,0.8,56,skim,3,6.79,191.3,,,,,,,,,,,,KEEP
MF4-0.8-Skim-D63-10C,3,2,UPS,0.8,56,skim,10,5.81,191.2,,,,,,,,,,,,KEEP
MF4-0.8-Skim-D63-10C,4,1,UPS,0.8,63,skim,10,5.8,191.2,,,,,,,,,,,,KEEP
MF3-1.2-Skim-D56-6.5C,3,1,UPS,1.2,56,skim,6.5,6.82,191.1,,,,,,,,,,,,KEEP
MF4-1.2-Skim-D14-10C,4,2,UPS,1.2,14,skim,10,6.71,191.1,,,,,,,,,,,,KEEP
MF3-1.2-Skim-D35-6.5C,3,1,UPS,1.2,35,skim,6.5,6.69,191,,,,,,,,,,,,KEEP
MF-2-1.2-Skim-D35-6.5C,2,2,UPS,1.2,35,skim,6.5,6.74,190.7,,,,,,,,,,,,KEEP
MF4-1.2-Skim-D56-3C,4,2,UPS,1.2,56,skim,3,6.57,190.7,,,,,,,,,,,,PPC
MF1-1.2-63-HTST-Skim-6.5,1,1,LS,1.2,63,skim,6.5,6.68,190.6,,,,,,,,,,,,KEEP
MF3-1.2-Skim-D42-6.5C,3,1,UPS,1.2,42,skim,6.5,6.85,190.5,,,,,,,,,,,,KEEP
MF1-1.2-21-HTST-Skim-6.5,1,1,LS,1.2,21,skim,6.5,6.84,190.4,,,,,,,,,,,,KEEP
1-14-1.2-whole-HTST-10,1,1,LS,1.2,14,whole,10,6.56,10182.8,TRUE,,,,,,,,,,,KEEP
MF3-0.8-Skim-14-10C,3,2,UPS,0.8,14,skim,10,6.46,10302.7,TRUE,,,,,,,,,,,KEEP
MF1-1.2-28-HTST-Skim-3,1,1,LS,1.2,28,skim,3,6.83,190.4,,,,,,,,,,,,KEEP
MF1-1.2-49-HTST-Skim-6.5,1,1,LS,1.2,49,skim,6.5,6.78,190.4,,,,,,,,,,,,KEEP
MF-2-1.2-Skim-D35-3C,2,2,UPS,1.2,35,skim,3,6.74,190.4,,,,,,,,,,,,KEEP
MF4-1.2-Skim-D14-10C,4,2,UPS,1.2,14,skim,10,6.7,190.4,,,,,,,,,,,,KEEP
MF3-0.8-Skim-D21-10C,3,2,UPS,0.8,21,skim,10,6.68,190.1,,,,,,,,,,,,KEEP
MF4-1.2-Skim-D56-3C,4,2,UPS,1.2,56,skim,3,6.58,190.1,,,,,,,,,,,,PPC
MF-2-1.2-Skim-D28-3C,2,2,UPS,1.2,28,skim,3,6.72,190,,,,,,,,,,,,KEEP
MF-3-1.2-Skim-D7-10C,3,1,UPS,1.2,7,skim,10,6.64,189.9,,,,,,,,,,,,KEEP
MF4-0.8-Skim-D56-10C,4,1,UPS,0.8,56,skim,10,5.84,189.8,,,,,,,,,,,,KEEP
MF3-1.2-Skim-D42-3C,3,1,UPS,1.2,42,skim,3,6.78,189.6,,,,,,,,,,,,KEEP
MF3-1.2-Skim-D21-6.5C,3,1,UPS,1.2,21,skim,6.5,6.68,189.4,,,,,,,,,,,,KEEP
MF4-1.2-Skim-D28-10C,4,2,UPS,1.2,28,skim,10,6.65,189.2,,,,,,,,,,,,KEEP
MF4-1.2-Skim-D35-6.5C,4,2,UPS,1.2,35,skim,6.5,6.58,189.2,,,,,,,,,,,,KEEP
MF3-1.2-Skim-14-3C,3,1,UPS,1.2,14,skim,3,6.67,188.7,,,,,,,,,,,,KEEP
MF1-1.2-42-HTST-Skim-3,1,1,LS,1.2,42,skim,3,6.71,188.5,,,,,,,,,,,,KEEP
MF4-1.2-Skim-D28-6.5C,4,2,UPS,1.2,28,skim,6.5,6.67,188.5,,,,,,,,,,,,KEEP
MF1-1.2-21-HTST-Skim-3,1,1,LS,1.2,21,skim,3,6.8,188.3,,,,,,,,,,,,KEEP
MF3-1.2-Skim-D42-3C,3,1,UPS,1.2,42,skim,3,6.79,188.3,,,,,,,,,,,,KEEP
MF4-1.2-Skim-D14-3C,4,2,UPS,1.2,14,skim,3,6.7,188.1,,,,,,,,,,,,KEEP
MF1-1.2-63-HTST-Skim-3,1,1,LS,1.2,63,skim,3,6.61,187.7,,,,,,,,,,,,KEEP
MF-3-0.8-Skim-D7-10C,3,2,UPS,0.8,7,skim,10,6.69,187.7,,,,,,,,,,,,KEEP
MF3-0.8-Skim-D42-3C,3,2,UPS,0.8,42,skim,3,6.82,187.4,,,,,,,,,,,,KEEP
MF1-1.2-35-HTST-Skim-3,1,1,LS,1.2,35,skim ,3,,187.3,,,,,,,,,,,,KEEP
MF4-1.2-Skim-D7-10C,4,2,UPS,1.2,7,skim,10,6.83,187.3,,,,,,,,,,,,KEEP
MF3-0.8-Skim-D35-10C,3,2,UPS,0.8,35,skim,10,6.5,187.1,,,,,,,,,,,,KEEP
MF4-1.2-Skim-D28-3C,4,2,UPS,1.2,28,skim,3,6.77,187.1,,,,,,,,,,,,KEEP
MF-2-0.8-Skim-D42-3C,2,1,UPS,0.8,42,skim,3,6.76,187,,,,,,,,,,,,KEEP
MF3-1.2-Skim-D28-6.5C,3,1,UPS,1.2,28,skim,6.5,6.71,187,,,,,,,,,,,,KEEP
MF1-1.2-21-HTST-Skim-6.5,1,1,LS,1.2,21,skim,6.5,6.79,186.9,,,,,,,,,,,,KEEP
MF-2-1.2-Skim-D14-10C,2,2,UPS,1.2,14,skim,10,6.78,186.9,,,,,,,,,,,,KEEP
MF-2-1.2-Skim-D56-3C,2,2,UPS,1.2,56,skim,3,6.68,186.9,,,,,,,,,,,,KEEP
MF3-0.8-Skim-D21-6.5C,3,2,UPS,0.8,21,skim,6.5,6.71,186.8,,,,,,,,,,,,KEEP
MF-2-1.2-Skim-D14-6.5C,2,2,UPS,1.2,14,skim,6.5,6.74,186.7,,,,,,,,,,,,KEEP
MF3-0.8-Skim-D28-3C,3,2,UPS,0.8,28,skim,3,6.68,186.7,,,,,,,,,,,,PPC
MF1-1.2-35-HTST-Skim-6.5,1,1,LS,1.2,35,skim,6.5,,186.5,,,,,,,,,,,,KEEP
MF4-1.2-Skim-D28-6.5C,4,2,UPS,1.2,28,skim,6.5,6.68,186.4,,,,,,,,,,,,KEEP
MF1-1.2-28-HTST-Skim-6.5,1,1,LS,1.2,28,skim,6.5,6.79,186.3,,,,,,,,,,,,KEEP
MF3-0.8-Skim-D35-10C,3,2,UPS,0.8,35,skim,10,6.51,186.2,,,,,,,,,,,,KEEP
MF1-1.2-21-HTST-Skim-10,1,1,LS,1.2,21,skim,10,6.9,186.1,,,,,,,,,,,,KEEP
MF4-1.2-Skim-D28-10C,4,2,UPS,1.2,28,skim,10,6.63,186,,,,,,,,,,,,KEEP
MF4-1.2-Skim-D21-6.5C,4,2,UPS,1.2,21,skim,6.5,6.67,185.9,,,,,,,,,,,,PPC
MF-2-0.8-Skim-D56-3C,2,1,UPS,0.8,56,skim,3,6.52,185.8,,,,,,,,,,,,PPC
MF-2-0.8-Skim-D35-6.5C,2,1,UPS,0.8,35,skim,6.5,6.74,185.7,,,,,,,,,,,,KEEP
MF3-0.8-Skim-D28-3C,3,2,UPS,0.8,28,skim,3,6.7,185.7,,,,,,,,,,,,PPC
MF4-1.2-Skim-D56-10C,4,2,UPS,1.2,56,skim,10,6.52,185.7,,,,,,,,,,,,KEEP
MF3-1.2-Skim-D28-3C,3,1,UPS,1.2,28,skim,3,6.76,185.6,,,,,,,,,,,,KEEP
MF-2-1.2-Skim-D7-10C,2,2,UPS,1.2,7,skim,10,6.82,185.5,,,,,,,,,,,,KEEP
MF4-1.2-Skim-D42-6.5C,4,2,UPS,1.2,42,skim,6.5,6.62,185.5,,,,,,,,,,,,KEEP
MF-2-1.2-Whole-D42-10C,2,2,UPS,1.2,42,whole,10,6.22,10535.9,TRUE,,,,,,,,,,,KEEP
MF1-1.2-42-HTST-Skim-10,1,1,LS,1.2,42,skim,10,6.63,11160.5,TRUE,,,,,,,,,,,KEEP
MF1-1.2-56-HTST-Skim-3,1,1,LS,1.2,56,skim,3,6.73,185.3,,,,,,,,,,,,KEEP
MF4-1.2-Skim-D14-3C,4,2,UPS,1.2,14,skim,3,6.7,185.2,,,,,,,,,,,,KEEP
MF3-0.8-Skim-14-6.5C,3,2,UPS,0.8,14,skim,6.5,6.7,185.1,,,,,,,,,,,,KEEP
MF4-1.2-Skim-D21-10C,4,2,UPS,1.2,21,skim,10,6.66,185.1,,,,,,,,,,,,KEEP
MF4-1.2-Skim-D35-10C,4,2,UPS,1.2,35,skim,10,6.54,185.1,,,,,,,,,,,,KEEP
MF1-1.2-28-HTST-Skim-3,1,1,LS,1.2,28,skim,3,6.88,185,,,,,,,,,,,,KEEP
MF3-1.2-Skim-D49-10C,3,1,UPS,1.2,49,skim,10,6.05,185,,,,,,,,,,,,KEEP
MF-2-1.2-Skim-D42-6.5C,2,2,UPS,1.2,42,skim,6.5,6.61,184.9,,,,,,,,,,,,KEEP
MF-1-1.2-7-Skim-HTST-10,1,1,LS,1.2,7,skim,10,6.81,184.8,,,,,,,,,,,,KEEP
MF3-1.2-Skim-D35-3C,3,1,UPS,1.2,35,skim,3,6.69,184.8,,,,,,,,,,,,KEEP
MF3-1.2-Skim-14-3C,3,1,UPS,1.2,14,skim,3,6.67,184.7,,,,,,,,,,,,KEEP
MF4-1.2-Skim-D21-3C,4,2,UPS,1.2,21,skim,3,6.74,184.7,,,,,,,,,,,,KEEP
MF4-0.8-Skim-D56-10C,4,1,UPS,0.8,56,skim,10,5.8,184.7,,,,,,,,,,,,KEEP
MF4-1.2-Skim-D56-10C,4,2,UPS,1.2,56,skim,10,6.54,184.7,,,,,,,,,,,,KEEP
MF-1-1.2-7-Skim-HTST-3,1,1,LS,1.2,7,skim,3,6.75,184.6,,,,,,,,,,,,KEEP
MF3-0.8-Skim-14-6.5C,3,2,UPS,0.8,14,skim,6.5,6.69,184.5,,,,,,,,,,,,KEEP
MF-1-1.2-7-Skim-HTST-10,1,1,LS,1.2,7,skim,10,6.85,184.2,,,,,,,,,,,,KEEP
MF1-1.2-21-HTST-Skim-3,1,1,LS,1.2,21,skim,3,6.85,184.2,,,,,,,,,,,,KEEP
MF3-0.8-Skim-D28-10C,3,2,UPS,0.8,28,skim,10,6.51,184.2,,,,,,,,,,,,KEEP
MF3-1.2-Skim-D56-3C,3,1,UPS,1.2,56,skim,3,6.81,184.2,,,,,,,,,,,,KEEP
MF1-1.2-21-HTST-Skim-10,1,1,LS,1.2,21,skim,10,6.91,184.1,,,,,,,,,,,,KEEP
MF-2-1.2-Skim-D63-3C,2,2,UPS,1.2,63,skim,3,6.67,184.1,,,,,,,,,,,,KEEP
MF-3-1.2-Skim-D7-3C,3,1,UPS,1.2,7,skim,3,6.64,184.1,,,,,,,,,,,,KEEP
MF-3-0.8-Skim-D7-10C,3,2,UPS,0.8,7,skim,10,6.7,184,,,,,,,,,,,,KEEP
MF1-1.2-42-HTST-Skim-10,1,1,LS,1.2,42,skim,10,6.61,11611.6,TRUE,,,,,,,,,,,KEEP
MF-2-0.8-Skim-D42-10C,2,1,UPS,0.8,42,skim,10,6.5,12643.7,TRUE,,,,,,,,,,,KEEP
MF3-0.8-Skim-D56-6.5C,3,2,UPS,0.8,56,skim,6.5,6.8,184,,,,,,,,,,,,KEEP
MF-2-1.2-Skim-D35-3C,2,2,UPS,1.2,35,skim,3,6.73,183.8,,,,,,,,,,,,KEEP
MF1-1.2-49-HTST-Skim-3,1,1,LS,1.2,49,skim,3,6.71,183.7,,,,,,,,,,,,KEEP
MF4-0.8-Skim-D7-3C,4,1,UPS,0.8,7,skim,3,6.83,183.7,,,,,,,,,,,,KEEP
MF-2-0.8-Skim-D63-3C,2,1,UPS,0.8,63,skim,3,6.71,183.6,,,,,,,,,,,,KEEP
MF3-0.8-Skim-D42-6.5C,3,2,UPS,0.8,42,skim,6.5,6.72,183.6,,,,,,,,,,,,KEEP
MF1-1.2-56-HTST-Skim-6.5,1,1,LS,1.2,56,skim,6.5,6.68,183.5,,,,,,,,,,,,KEEP
MF-2-1.2-Skim-D63-3C,2,2,UPS,1.2,63,skim,3,6.68,183.4,,,,,,,,,,,,KEEP
MF1-1.2-42-HTST-Skim-6.5,1,1,LS,1.2,42,skim,6.5,6.76,183.1,,,,,,,,,,,,KEEP
MF-2-1.2-Skim-D42-3C,2,2,UPS,1.2,42,skim,3,6.59,183.1,,,,,,,,,,,,KEEP
MF4-0.8-Skim-D42-10C,4,1,UPS,0.8,42,skim,10,5.86,183.1,,,,,,,,,,,,KEEP
1-14-1.2-skim-HTST-10,1,1,LS,1.2,14,skim,10,6.74,183,,,,,,,,,,,,KEEP
MF-2-0.8-Skim-D42-6.5C,2,1,UPS,0.8,42,skim,6.5,6.74,182.9,,,,,,,,,,,,KEEP
MF-2-1.2-Skim-D63-6.5C,2,2,UPS,1.2,63,skim,6.5,6.57,182.9,,,,,,,,,,,,PPC
MF4-1.2-Skim-D42-3C,4,2,UPS,1.2,42,skim,3,6.62,182.9,,,,,,,,,,,,KEEP
MF-2-1.2-Skim-D14-3C,2,2,UPS,1.2,14,skim,3,6.7,182.8,,,,,,,,,,,,KEEP
MF3-0.8-Skim-D42-6.5C,3,2,UPS,0.8,42,skim,6.5,6.72,182.8,,,,,,,,,,,,KEEP
MF3-0.8-Skim-D49-10C,3,2,UPS,0.8,49,skim,10,6.33,182.8,,,,,,,,,,,,KEEP
1-14-1.2-skim-HTST-6.5,1,1,LS,1.2,14,skim,6.5,6.7,182.7,,,,,,,,,,,,KEEP
MF3-0.8-Skim-D21-3C,3,2,UPS,0.8,21,skim,3,6.72,182.7,,,,,,,,,,,,KEEP
MF-2-0.8-Skim-D28-10C,2,1,UPS,0.8,28,skim,10,6.57,12743.2,TRUE,,,,,,,,,,,KEEP
MF1-1.2-56-HTST-Skim-10,1,1,LS,1.2,56,skim,10,6.58,12858.8,TRUE,,,,,,,,,,,KEEP
MF-2-0.8-Skim-D42-10C,2,1,UPS,0.8,42,skim,10,6.47,12949.1,TRUE,,,,,,,,,,,KEEP
MF3-0.8-Skim-14-10C,3,2,UPS,0.8,14,skim,10,6.48,12981.5,TRUE,,,,,,,,,,,KEEP
MF4-1.2-Skim-D35-3C,4,2,UPS,1.2,35,skim,3,6.64,182.5,,,,,,,,,,,,KEEP
MF-2-0.8-Skim-D14-3C,2,1,UPS,0.8,14,skim,3,6.68,182.4,,,,,,,,,,,,KEEP
MF-2-1.2-Skim-D14-10C,2,2,UPS,1.2,14,skim,10,6.78,182.4,,,,,,,,,,,,KEEP
MF-2-0.8-Skim-D42-6.5C,2,1,UPS,0.8,42,skim,6.5,6.74,182.4,,,,,,,,,,,,KEEP
MF-3-0.8-Skim-D7-6.5C,3,2,UPS,0.8,7,skim,6.5,6.71,182.4,,,,,,,,,,,,KEEP
MF-2-0.8-Skim-D14-6.5C,2,1,UPS,0.8,14,skim,6.5,6.74,182.3,,,,,,,,,,,,KEEP
MF-2-0.8-Skim-D35-6.5C,2,1,UPS,0.8,35,skim,6.5,6.74,182.3,,,,,,,,,,,,KEEP
MF3-0.8-Skim-D28-10C,3,2,UPS,0.8,28,skim,10,6.52,182.3,,,,,,,,,,,,KEEP
MF-2-1.2-Skim-D56-6.5C,2,2,UPS,1.2,56,skim,6.5,6.71,182.2,,,,,,,,,,,,KEEP
MF-2-1.2-Skim-D21-10C,2,2,UPS,1.2,21,skim,10,6.71,182.1,,,,,,,,,,,,KEEP
1-14-1.2-skim-HTST-6.5,1,1,LS,1.2,14,skim,6.5,6.7,182,,,,,,,,,,,,KEEP
MF3-1.2-Skim-14-6.5C,3,1,UPS,1.2,14,skim,6.5,6.7,182,,,,,,,,,,,,KEEP
MF4-1.2-Skim-D42-3C,4,2,UPS,1.2,42,skim,3,6.65,182,,,,,,,,,,,,KEEP
MF1-1.2-35-HTST-Skim-3,1,1,LS,1.2,35,skim,3,,181.9,,,,,,,,,,,,KEEP
MF-2-0.8-Skim-D14-6.5C,2,1,UPS,0.8,14,skim,6.5,6.75,181.9,,,,,,,,,,,,KEEP
MF-2-1.2-Skim-D63-6.5C,2,2,UPS,1.2,63,skim,6.5,6.56,181.9,,,,,,,,,,,,PPC
MF4-1.2-Skim-D49-3C,4,2,UPS,1.2,49,skim,3,6.56,181.8,,,,,,,,,,,,ERROR
MF1-1.2-56-HTST-Skim-6.5,1,1,LS,1.2,56,skim,6.5,6.7,181.6,,,,,,,,,,,,KEEP
MF3-1.2-Skim-14-6.5C,3,1,UPS,1.2,14,skim,6.5,6.71,181.6,,,,,,,,,,,,KEEP
MF4-0.8-Skim-D7-3C,4,1,UPS,0.8,7,skim,3,6.82,181.6,,,,,,,,,,,,KEEP
MF-3-1.2-Skim-D7-6.5C,3,1,UPS,1.2,7,skim,6.5,6.64,181.5,,,,,,,,,,,,KEEP
MF3-1.2-Skim-D56-3C,3,1,UPS,1.2,56,skim,3,6.79,181.5,,,,,,,,,,,,KEEP
MF-2-0.8-Skim-D56-10C,2,1,UPS,0.8,56,skim,10,6.46,13481.1,TRUE,,,,,,,,,,,KEEP
MF-2-0.8-Skim-D14-10C,2,1,UPS,0.8,14,skim,10,6.55,13688.6,TRUE,,,,,,,,,,,KEEP
MF4-1.2-Skim-D35-3C,4,2,UPS,1.2,35,skim,3,6.63,181.5,,,,,,,,,,,,KEEP
MF-2-0.8-Skim-D28-3C,2,1,UPS,0.8,28,skim,3,6.74,181.4,,,,,,,,,,,,KEEP
MF4-1.2-Skim-D35-6.5C,4,2,UPS,1.2,35,skim,6.5,6.57,181.4,,,,,,,,,,,,KEEP
MF-2-1.2-Skim-D7-10C,2,2,UPS,1.2,7,skim,10,6.8,181.3,,,,,,,,,,,,KEEP
MF-2-0.8-Skim-D14-3C,2,1,UPS,0.8,14,skim,3,6.67,181.3,,,,,,,,,,,,KEEP
MF-2-0.8-Skim-D63-3C,2,1,UPS,0.8,63,skim,3,6.68,181.3,,,,,,,,,,,,KEEP
MF3-0.8-Skim-D49-10C,3,2,UPS,0.8,49,skim,10,6.33,181.3,,,,,,,,,,,,KEEP
MF-2-0.8-Skim-D7-3C,2,1,UPS,0.8,7,skim,3,6.75,181.1,,,,,,,,,,,,KEEP
MF-2-1.2-Skim-D28-6.5C,2,2,UPS,1.2,28,skim,6.5,6.71,181,,,,,,,,,,,,KEEP
MF3-0.8-Skim-D21-6.5C,3,2,UPS,0.8,21,skim,6.5,6.71,180.9,,,,,,,,,,,,KEEP
MF1-1.2-35-HTST-Skim-10,1,1,LS,1.2,35,skim,10,,180.7,,,,,,,,,,,,KEEP
MF4-1.2-Skim-D7-6.5C,4,2,UPS,1.2,7,skim,6.5,6.83,180.7,,,,,,,,,,,,KEEP
MF4-1.2-Skim-D21-6.5C,4,2,UPS,1.2,21,skim,6.5,6.68,180.7,,,,,,,,,,,,PPC
MF4-1.2-Skim-D42-6.5C,4,2,UPS,1.2,42,skim,6.5,6.63,180.6,,,,,,,,,,,,KEEP
1-14-1.2-skim-HTST-3,1,1,LS,1.2,14,skim,3,6.72,180.5,,,,,,,,,,,,KEEP
MF3-0.8-Skim-D21-10C,3,2,UPS,0.8,21,skim,10,6.7,180.2,,,,,,,,,,,,KEEP
MF3-0.8-Skim-D35-6.5C,3,2,UPS,0.8,35,skim,6.5,6.7,180.2,,,,,,,,,,,,KEEP
1-14-1.2-skim-HTST-10,1,1,LS,1.2,14,skim,10,6.72,179.8,,,,,,,,,,,,KEEP
MF-2-1.2-Skim-D21-10C,2,2,UPS,1.2,21,skim,10,6.73,179.8,,,,,,,,,,,,KEEP
MF-2-0.8-Skim-D42-3C,2,1,UPS,0.8,42,skim,3,6.75,179.8,,,,,,,,,,,,KEEP
MF3-1.2-Skim-14-10C,3,1,UPS,1.2,14,skim,10,6.61,179.7,,,,,,,,,,,,KEEP
MF3-1.2-Skim-D49-10C,3,1,UPS,1.2,49,skim,10,6.04,179.7,,,,,,,,,,,,KEEP
MF1-1.2-56-HTST-Skim-3,1,1,LS,1.2,56,skim,3,6.73,179.5,,,,,,,,,,,,KEEP
MF3-0.8-Skim-D35-6.5C,3,2,UPS,0.8,35,skim,6.5,6.7,179.5,,,,,,,,,,,,KEEP
MF-2-0.8-Skim-D7-3C,2,1,UPS,0.8,7,skim,3,6.76,179.3,,,,,,,,,,,,KEEP
MF-3-0.8-Skim-D7-6.5C,3,2,UPS,0.8,7,skim,6.5,6.69,179.1,,,,,,,,,,,,KEEP
MF3-0.8-Skim-D21-3C,3,2,UPS,0.8,21,skim,3,6.7,179,,,,,,,,,,,,KEEP
MF-2-1.2-Skim-D14-6.5C,2,2,UPS,1.2,14,skim,6.5,6.75,178.5,,,,,,,,,,,,KEEP
MF-2-1.2-Skim-D42-3C,2,2,UPS,1.2,42,skim,3,6.59,178.5,,,,,,,,,,,,KEEP
MF3-0.8-Skim-14-3C,3,2,UPS,0.8,14,skim,3,6.63,178.5,,,,,,,,,,,,KEEP
MF4-1.2-Skim-D0,4,2,UPS,1.2,0,skim,3,6.7,178.5,,,,,,,,,,,,KEEP
MF4-1.2-Skim-D0,4,2,UPS,1.2,0,skim,6.5,6.7,178.5,,,,,,,,,,,,KEEP
MF4-1.2-Skim-D0,4,2,UPS,1.2,0,skim,10,6.7,178.5,,,,,,,,,,,,KEEP
MF1-1.2-35-HTST-Skim-6.5,1,1,LS,1.2,35,skim,6.5,,178.4,,,,,,,,,,,,KEEP
MF3-1.2-Skim-D21-3C,3,1,UPS,1.2,21,skim,3,6.71,178.3,,,,,,,,,,,,KEEP
MF-2-1.2-Skim-D35-10C,2,2,UPS,1.2,35,skim,10,6.69,178.2,,,,,,,,,,,,KEEP
MF4-1.2-Skim-D7-3C,4,2,UPS,1.2,7,skim,3,6.82,178.2,,,,,,,,,,,,KEEP
MF4-1.2-Skim-D7-6.5C,4,2,UPS,1.2,7,skim,6.5,6.85,178.2,,,,,,,,,,,,KEEP
MF-1-1.2-7-Skim-HTST-6.5,1,1,LS,1.2,7,skim,6.5,6.72,178.1,,,,,,,,,,,,KEEP
MF3-1.2-Skim-D21-3C,3,1,UPS,1.2,21,skim,3,6.72,178.1,,,,,,,,,,,,KEEP
MF1-1.2-49-HTST-Skim-10,1,1,LS,1.2,49,skim,10,6.68,15243,TRUE,,,,,,,,,,,KEEP
MF3-1.2-Skim-D28-10C,3,1,UPS,1.2,28,skim,10,6.53,15387.6,TRUE,,,,,,,,,,,KEEP
MF-2-1.2-Skim-D21-3C,2,2,UPS,1.2,21,skim,3,6.67,177.9,,,,,,,,,,,,PPC
MF-1-1.2-7-Skim-HTST-3,1,1,LS,1.2,7,skim,3,6.73,177.8,,,184.6,,,,,,,,,KEEP
MF-2-0.8-Skim-D35-10C,2,1,UPS,0.8,35,skim,10,6.52,15585,TRUE,,,,,,,,,,,KEEP
MF-2-0.8-Skim-D63-10C,2,1,UPS,0.8,63,skim,10,6.45,15896,TRUE,,,,,,,,,,,KEEP
MF1-1.2-28-HTST-Skim-10,1,1,LS,1.2,28,skim,10,6.81,177.8,,,,,,,,,,,,KEEP
MF-2-0.8-Skim-D35-3C,2,1,UPS,0.8,35,skim,3,6.77,177.8,,,,,,,,,,,,KEEP
MF1-1.2-56-HTST-Skim-10,1,1,LS,1.2,56,skim,10,6.59,15969.8,TRUE,,,,,,,,,,,KEEP
MF4-1.2-Skim-D63-10C,3,1,UPS,1.2,56,skim,10,6.17,16935.5,TRUE,,,,,,,,,,,KEEP
MF-2-0.8-Skim-D21-6.5C,2,1,UPS,0.8,21,skim,6.5,6.71,177.6,,,,,,,,,,,,KEEP
MF-3-0.8-Skim-D0-na,3,2,UPS,0.8,0,skim,3,6.69,177.5,,,,,,,,,,,,KEEP
MF-3-0.8-Skim-D0-na,3,2,UPS,0.8,0,skim,6.5,6.69,177.5,,,,,,,,,,,,KEEP
MF-3-0.8-Skim-D0-na,3,2,UPS,0.8,0,skim,10,6.69,177.5,,,,,,,,,,,,KEEP
MF-3-0.8-Skim-D7-3C,3,2,UPS,0.8,7,skim,3,6.63,177.5,,,,,,,,,,,,KEEP
MF-2-1.2-Skim-D28-3C,2,2,UPS,1.2,28,skim,3,6.71,177.4,,,,,,,,,,,,KEEP
MF3-1.2-Skim-D21-6.5C,3,1,UPS,1.2,21,skim,6.5,6.67,177.4,,,,,,,,,,,,KEEP
MF4-1.2-Skim-D0,4,2,UPS,1.2,0,skim,3,6.71,177.3,,,,,,,,,,,,KEEP
MF4-1.2-Skim-D0,4,2,UPS,1.2,0,skim,6.5,6.71,177.3,,,,,,,,,,,,KEEP
MF4-1.2-Skim-D0,4,2,UPS,1.2,0,skim,10,6.71,177.3,,,,,,,,,,,,KEEP
MF-2-0.8-Skim-D7-6.5C,2,1,UPS,0.8,7,skim,6.5,6.76,177.2,,,,,,,,,,,,KEEP
MF-2-0.8-Skim-D21-6.5C,2,1,UPS,0.8,21,skim,6.5,6.7,177.2,,,,,,,,,,,,KEEP
MF-2-0.8-Skim-D56-6.5C,2,1,UPS,0.8,56,skim,6.5,6.62,177.2,,,,,,,,,,,,KEEP
MF3-1.2-Skim-14-10C,3,1,UPS,1.2,14,skim,10,6.61,177.2,,,,,,,,,,,,KEEP
MF4-1.2-Skim-D7-10C,4,2,UPS,1.2,7,skim,10,6.83,177.2,,,,,,,,,,,,KEEP
MF-2-0.8-Skim-D7-10C,2,1,UPS,0.8,7,skim,10,6.77,177.1,,,,,,,,,,,,KEEP
MF-2-0.8-Skim-D21-3C,2,1,UPS,0.8,21,skim,3,6.72,177.1,,,,,,,,,,,,KEEP
MF4-1.2-Skim-D49-3C,4,2,UPS,1.2,49,skim,3,6.57,176.6,,,,,,,,,,,,ERROR
MF3-0.8-Skim-D42-3C,3,2,UPS,0.8,42,skim,3,6.86,176.2,,,,,,,,,,,,KEEP
MF-2-0.8-Skim-D28-3C,2,1,UPS,0.8,28,skim,3,6.73,176.1,,,,,,,,,,,,KEEP
MF-2-0.8-Skim-D28-6.5C,2,1,UPS,0.8,28,skim,6.5,6.74,176.1,,,,,,,,,,,,KEEP
MF3-0.8-Skim-D35-3C,3,2,UPS,0.8,35,skim,3,6.73,176.1,,,,,,,,,,,,KEEP
MF-2-0.8-Skim-D7-10C,2,1,UPS,0.8,7,skim,10,6.77,175.9,,,,,,,,,,,,KEEP
MF3-0.8-Skim-D35-3C,3,2,UPS,0.8,35,skim,3,6.73,175.9,,,,,,,,,,,,KEEP
MF1-1.2-63-HTST-Skim-6.5,1,1,LS,1.2,63,skim,6.5,6.69,175.7,,,,,,,,,,,,KEEP
MF3-0.8-Skim-14-3C,3,2,UPS,0.8,14,skim,3,6.64,175.7,,,,,,,,,,,,KEEP
MF4-1.2-Skim-D7-3C,4,2,UPS,1.2,7,skim,3,6.8,175.7,,,,,,,,,,,,KEEP
MF-2-0.8-Skim-D21-3C,2,1,UPS,0.8,21,skim,3,6.69,175.5,,,,,,,,,,,,KEEP
MF4-1.2-Skim-D21-10C,4,2,UPS,1.2,21,skim,10,6.66,175.5,,,,,,,,,,,,KEEP
MF4-1.2-Skim-D49-10C,4,2,UPS,1.2,49,skim,10,6.54,175.5,,,,,,,,,,,,KEEP
MF-3-0.8-Skim-D7-3C,3,2,UPS,0.8,7,skim,3,6.63,175.2,,,,,,,,,,,,KEEP
MF4-1.2-Skim-D21-3C,4,2,UPS,1.2,21,skim,3,6.74,174.9,,,,,,,,,,,,KEEP
MF-1-1.2-Skim-D0,1,1,LS,1.2,0,skim,3,6.6,174.8,,milkoscan,0.05,3.28,4.7,9.09,9.04,,,,,KEEP
MF-1-1.2-Skim-D0,1,1,LS,1.2,0,skim,6.5,6.6,174.8,,milkoscan,0.05,3.28,4.7,9.09,9.04,,,,,KEEP
MF-1-1.2-Skim-D0,1,1,LS,1.2,0,skim,10,6.6,174.8,,milkoscan,0.05,3.28,4.7,9.09,9.04,,,,,KEEP
MF-2-0.8-Skim-D7-6.5C,2,1,UPS,0.8,7,skim,6.5,6.77,174.5,,,,,,,,,,,,KEEP
MF4-1.2-Skim-D49-10C,4,2,UPS,1.2,49,skim,10,6.51,173.7,,,,,,,,,,,,KEEP
1-14-1.2-skim-HTST-3,1,1,LS,1.2,14,skim,3,6.7,173.6,,,,,,,,,,,,KEEP
MF-3-1.2-Skim-D7-3C,3,1,UPS,1.2,7,skim,3,6.63,173,,,,,,,,,,,,KEEP
MF4-1.2-Skim-D42-10C,4,2,UPS,1.2,42,skim,10,6.5,173,,,,,,,,,,,,KEEP
MF-2-1.2-Skim-D28-6.5C,2,2,UPS,1.2,28,skim,6.5,6.71,172.8,,,,,,,,,,,,KEEP
MF3-0.8-Skim-D56-10C,3,2,UPS,0.8,56,skim,10,6.3,172.8,,,,,,,,,,,,KEEP
MF-2-1.2-Skim-D7-3C,2,2,UPS,1.2,7,skim,3,6.71,172.7,,,,,,,,,,,,KEEP
MF-3-1.2-Skim-D7-6.5C,3,1,UPS,1.2,7,skim,6.5,6.64,172.7,,,,,,,,,,,,KEEP
MF4-0.8-Skim-D42-10C,4,1,UPS,0.8,42,skim,10,5.82,172.7,,,,,,,,,,,,KEEP
MF4-0.8-Skim-D49-10C,4,1,UPS,0.8,49,skim,10,5.65,172.7,,,,,,,,,,,,KEEP
MF-2-1.2-Skim-D42-6.5C,2,2,UPS,1.2,42,skim,6.5,6.61,172.4,,,,,,,,,,,,KEEP
MF1-1.2-63-HTST-Skim-10,1,1,LS,1.2,63,skim,10,6.68,172.3,,,,,,,,,,,,KEEP
MF-3-0.8-Skim-D0-na,3,2,UPS,0.8,0,skim,3,6.67,172.3,,,,,,,,,,,,KEEP
MF-3-0.8-Skim-D0-na,3,2,UPS,0.8,0,skim,6.5,6.67,172.3,,,,,,,,,,,,KEEP
MF-3-0.8-Skim-D0-na,3,2,UPS,0.8,0,skim,10,6.67,172.3,,,,,,,,,,,,KEEP
MF3-0.8-Skim-D56-10C,3,2,UPS,0.8,56,skim,10,6.29,172.2,,,,,,,,,,,,KEEP
MF-2-0.8-Skim-D35-3C,2,1,UPS,0.8,35,skim,3,6.78,172,,,,,,,,,,,,KEEP
MF-2-1.2-Skim-D42-10C,2,2,UPS,1.2,42,skim,10,6.23,172,,,,,,,,,,,,KEEP
MF1-1.2-28-HTST-Skim-10,1,1,LS,1.2,28,skim,10,6.81,171.9,,,,,,,,,,,,KEEP
MF-1-1.2-7-Skim-HTST-6.5,1,1,LS,1.2,7,skim,6.5,6.75,171.7,,,,,,,,,,,,KEEP
MF-2-1.2-Skim-D21-6.5C,2,2,UPS,1.2,21,skim,6.5,6.72,171.7,,,,,,,,,,,,KEEP
MF4-0.8-Skim-D49-10C,4,1,UPS,0.8,49,skim,10,5.62,171.3,,,,,,,,,,,,KEEP
MF4-1.2-Skim-D42-10C,4,2,UPS,1.2,42,skim,10,6.53,171.2,,,,,,,,,,,,KEEP
MF3-1.2-Skim-D21-10C,3,1,UPS,1.2,21,skim,10,6.69,171.1,,,,,,,,,,,,KEEP
MF-3-1.2-Skim-D0-na,3,1,UPS,1.2,0,skim,3,6.71,171,,,,,,,,,,,,KEEP
MF-3-1.2-Skim-D0-na,3,1,UPS,1.2,0,skim,6.5,6.71,171,,,,,,,,,,,,KEEP
MF-3-1.2-Skim-D0-na,3,1,UPS,1.2,0,skim,10,6.71,171,,,,,,,,,,,,KEEP
MF-2-1.2-Skim-D21-6.5C,2,2,UPS,1.2,21,skim,6.5,6.74,170.8,,,,,,,,,,,,KEEP
MF4-0.8-Skim-D63-10C,3,2,UPS,0.8,56,skim,10,5.8,170.7,,,,,,,,,,,,KEEP
MF4-1.2-Skim-D63-10C,4,2,UPS,1.2,63,skim,10,6.57,16935.5,TRUE,,,,,,,,,,,PPC
MF-2-0.8-Skim-D21-10C,2,1,UPS,0.8,21,skim,10,6.49,17481.9,TRUE,,,,,,,,,,,KEEP
MF4-0.8-Skim-D63-10C,4,1,UPS,0.8,63,skim,10,5.79,170.7,,,,,,,,,,,,KEEP
MF-3-1.2-Skim-D0-na,3,1,UPS,1.2,0,skim,3,6.71,170.5,,,,,,,,,,,,KEEP
MF-3-1.2-Skim-D0-na,3,1,UPS,1.2,0,skim,6.5,6.71,170.5,,,,,,,,,,,,KEEP
MF-3-1.2-Skim-D0-na,3,1,UPS,1.2,0,skim,10,6.71,170.5,,,,,,,,,,,,KEEP
MF-2-1.2-Skim-D7-6.5C,2,2,UPS,1.2,7,skim,6.5,6.73,170.1,,,,,,,,,,,,KEEP
MF-2-1.2-Skim-D0,2,2,UPS,1.2,0,skim,3,6.73,169.6,,milkoscan,0.04,3.44,4.82,9.42,9.38,,,,,KEEP
MF-2-1.2-Skim-D0,2,2,UPS,1.2,0,skim,6.5,6.73,169.6,,milkoscan,0.04,3.44,4.82,9.42,9.38,,,,,KEEP
MF-2-1.2-Skim-D0,2,2,UPS,1.2,0,skim,10,6.73,169.6,,milkoscan,0.04,3.44,4.82,9.42,9.38,,,,,KEEP
MF3-1.2-Skim-D21-10C,3,1,UPS,1.2,21,skim,10,6.68,169.6,,,,,,,,,,,,KEEP
MF-2-1.2-Skim-D7-6.5C,2,2,UPS,1.2,7,skim,6.5,6.72,169.3,,,,,,,,,,,,KEEP
MF2-0.8-Skim-D0,2,1,UPS,0.8,0,skim,3,6.73,168.9,,milkoscan,0.01,3.19,4.23,8.32,8.8,,,,,KEEP
MF2-0.8-Skim-D0,2,1,UPS,0.8,0,skim,6.5,6.73,168.9,,milkoscan,0.01,3.19,4.23,8.32,8.8,,,,,KEEP
MF2-0.8-Skim-D0,2,1,UPS,0.8,0,skim,10,6.73,168.9,,milkoscan,0.01,3.19,4.23,8.32,8.8,,,,,KEEP
MF-2-0.8-Skim-D28-6.5C,2,1,UPS,0.8,28,skim,6.5,6.74,168.9,,,,,,,,,,,,KEEP
MF-2-1.2-Skim-D21-3C,2,2,UPS,1.2,21,skim,3,6.69,168.8,,,,,,,,,,,,PPC
MF-2-1.2-Skim-D42-10C,2,2,UPS,1.2,42,skim,10,6.23,167.5,,,,,,,,,,,,KEEP
MF3-1.2-Skim-D35-10C,3,1,UPS,1.2,35,skim,10,5.72,167.5,,,,,,,,,,,,KEEP
MF-1-1.2-Skim-D0,1,1,LS,1.2,0,skim,3,6.57,167.4,,milkoscan,0.05,3.29,4.7,9.1,9.04,,,,,KEEP
MF-1-1.2-Skim-D0,1,1,LS,1.2,0,skim,6.5,6.57,167.4,,milkoscan,0.05,3.29,4.7,9.1,9.04,,,,,KEEP
MF-1-1.2-Skim-D0,1,1,LS,1.2,0,skim,10,6.57,167.4,,milkoscan,0.05,3.29,4.7,9.1,9.04,,,,,KEEP
MF-2-1.2-Skim-D28-10C,2,2,UPS,1.2,28,skim,10,6.54,18026,TRUE,,,,,,,,,,,KEEP
MF3-1.2-Skim-D42-10C,3,1,UPS,1.2,42,skim,10,6.56,18938.9,TRUE,,,,,,,,,,,KEEP
MF-1-0.8-Skim-D0,1,2,LS,0.8,0,skim,3,6.51,166.8,,milkoscan,0.05,3.42,4.64,9.17,9.11,,,,,KEEP
MF-1-0.8-Skim-D0,1,2,LS,0.8,0,skim,6.5,6.51,166.8,,milkoscan,0.05,3.42,4.64,9.17,9.11,,,,,KEEP
MF-1-0.8-Skim-D0,1,2,LS,0.8,0,skim,10,6.51,166.8,,milkoscan,0.05,3.42,4.64,9.17,9.11,,,,,KEEP
MF-3-1.2-Skim-D7-10C,3,1,UPS,1.2,7,skim,10,6.64,166.8,,,,,,,,,,,,KEEP
MF2-0.8-Skim-D0,2,1,UPS,0.8,0,skim,3,6.72,166.3,,milkoscan,0.02,3.18,4.22,8.3,8.26,,,,,KEEP
MF2-0.8-Skim-D0,2,1,UPS,0.8,0,skim,6.5,6.72,166.3,,milkoscan,0.02,3.18,4.22,8.3,8.26,,,,,KEEP
MF2-0.8-Skim-D0,2,1,UPS,0.8,0,skim,10,6.72,166.3,,milkoscan,0.02,3.18,4.22,8.3,8.26,,,,,KEEP
MF3-1.2-Skim-D56-10C,3,1,UPS,1.2,56,skim,10,6.37,166.1,,,,,,,,,,,,KEEP
MF-2-1.2-Skim-D7-3C,2,2,UPS,1.2,7,skim,3,6.71,165.2,,,,,,,,,,,,KEEP
MF3-1.2-Skim-D35-10C,3,1,UPS,1.2,35,skim,10,5.74,164.8,,,,,,,,,,,,KEEP
MF4-1.2-Skim-D49-6.5C,4,2,UPS,1.2,49,skim,6.5,5.73,164.6,,,,,,,,,,,,PPC
MF4-1.2-Skim-D49-6.5C,4,2,UPS,1.2,49,skim,6.5,5.71,164.2,,,,,,,,,,,,PPC
MF-2-1.2-Skim-D63-10C,2,2,UPS,1.2,63,skim,10,5.33,163.9,,,,,,,,,,,,PPC
MF3-1.2-Skim-D56-10C,3,1,UPS,1.2,56,skim,10,6.36,163.9,,,,,,,,,,,,KEEP
MF-2-0.8-Skim-D63-6.5C,2,1,UPS,0.8,63,skim,6.5,5.85,163.6,,,,,,,,,,,,KEEP
MF-1-0.8-Skim-D0,1,2,LS,0.8,0,skim,3,6.49,163.1,,milkoscan,0.05,3.43,4.65,9.2,9.14,,,,,KEEP
MF-1-0.8-Skim-D0,1,2,LS,0.8,0,skim,6.5,6.49,163.1,,milkoscan,0.05,3.43,4.65,9.2,9.14,,,,,KEEP
MF-1-0.8-Skim-D0,1,2,LS,0.8,0,skim,10,6.49,163.1,,milkoscan,0.05,3.43,4.65,9.2,9.14,,,,,KEEP
MF1-1.2-63-HTST-Skim-10,1,1,LS,1.2,63,skim,10,6.68,163.1,,,,,,,,,,,,KEEP
MF-2-1.2-Skim-D14-3C,2,2,UPS,1.2,14,skim,3,6.71,161.4,,,,,,,,,,,,KEEP
MF-2-0.8-Skim-D63-6.5C,2,1,UPS,0.8,63,skim,6.5,5.85,161.1,,,,,,,,,,,,KEEP
MF-2-1.2-Skim-D0,2,2,UPS,1.2,0,skim,3,6.74,158.4,,milkoscan,0.04,3.44,4.82,9.42,9.38,,,,,KEEP
MF-2-1.2-Skim-D0,2,2,UPS,1.2,0,skim,6.5,6.74,158.4,,milkoscan,0.04,3.44,4.82,9.42,9.38,,,,,KEEP
MF-2-1.2-Skim-D0,2,2,UPS,1.2,0,skim,10,6.74,158.4,,milkoscan,0.04,3.44,4.82,9.42,9.38,,,,,KEEP
MF-2-1.2-Skim-D63-10C,2,2,UPS,1.2,63,skim,10,5.32,143.6,,,,,,,,,,,,PPC
MF1-1.2-35-HTST-Skim-10,1,1,LS,1.2,35,skim,10,,127.5,,,,,,,,,,,,KEEP
HTST-skim-1.2,3,1,UPS,1.2,0,skim,,,,,,,,,,,329,,7,,KEEP
HTST-whole-0.8,3,2,UPS,0.8,0,whole,,,,,,,,,,,331,,1,,KEEP
HTST-skim-0.8,3,2,UPS,0.8,0,skim,,,,,,,,,,,408,,1,,KEEP
HTST-skim-1.2,3,1,UPS,1.2,0,skim,,,,,,,,,,,461,,1,,KEEP
HTST-whole-1.2,3,1,UPS,1.2,0,whole,,,,,,,,,,,465,,8,,KEEP
HTST-skim-1.2,3,1,UPS,1.2,0,skim,,,,,,,,,,,473,,6,,KEEP
HTST-whole-1.2,3,1,UPS,1.2,0,whole,,,,,,,,,,,484,,1,,KEEP
HTST-whole-1.2,3,1,UPS,1.2,0,whole,,,,,milkoscan,3.05,3.1,4.59,11.55,8.39,493,,,,KEEP
HTST-whole-1.2,3,1,UPS,1.2,0,whole,,,,,,,,,,,505,,9,,KEEP
HTST-whole-1.2,3,1,UPS,1.2,0,whole,,,,,,,,,,,507,,10,,KEEP
HTST-whole-1.2,3,1,UPS,1.2,0,whole,,,,,,,,,,,512,,2,,KEEP
HTST-skim-1.2,3,1,UPS,1.2,0,skim,,,,,milkoscan,-0.06,3.27,4.91,8.9,8.93,515,,,,KEEP
HTST-whole-0.8,3,2,UPS,0.8,0,whole,,,,,milkoscan,3.84,3.15,4.73,12.48,8.57,515,,,,KEEP
HTST-skim-0.8,3,2,UPS,0.8,0,skim,,,,,milkoscan,-0.06,3.26,4.97,8.94,8.97,520,,,,KEEP
HTST-whole-1.2,3,1,UPS,1.2,0,whole,,,,,,,,,,,523,,3,,KEEP
MF4-1.2-Whole#1-D0,4,2,UPS,1.2,0,whole,,,,,,,,,,,525,,1,,KEEP
MF-skim-1.2,3,1,UPS,1.2,0,mfskim,,,,,milkoscan,-0.05,3.39,5.06,9.16,9.21,528,,,,KEEP
std-whole-1.2,3,1,UPS,1.2,0,stdwhole,,,,,milkoscan,3.94,3.31,4.89,12.88,8.91,528,,,,KEEP
HTST-whole-1.2,3,1,UPS,1.2,0,whole,,,,,,,,,,,528,,4,,KEEP
HTST-whole-1.2,3,1,UPS,1.2,0,whole,,,,,,,,,,,528,,6,,KEEP
HTST-skim-1.2,3,1,UPS,1.2,0,skim,,,,,,,,,,,529,,5,,KEEP
HTST-skim-1.2,3,1,UPS,1.2,0,skim,,,,,,,,,,,529,,7,,KEEP
std-whole-1.2,3,1,UPS,1.2,0,stdwhole,,,,,,,,,,,529,,,,KEEP
HTST-skim-1.2,3,1,UPS,1.2,0,skim,,,,,,,,,,,530,,12,,KEEP
postpump-skim-1.2,3,1,UPS,1.2,0,rawskim,,,,,milkoscan,0.02,3.44,5,9.28,9.27,532,post,,,KEEP
MF4-0.8-HTSTWhole-D0,4,1,UPS,0.8,0,whole,,,,,,,,,,,532,,,,KEEP
MF4-1.2-HTSTWhole-D0,4,2,UPS,1.2,0,whole,,,,,,,,,,,532,,,,KEEP
MF4-0.8-Skim#1-D0,4,1,UPS,0.8,0,skim,,,,,,,,,,,533,,1,,KEEP
MF4-0.8-Whole#1-D0,4,1,UPS,0.8,0,whole,,,,,,,,,,,533,,1,,KEEP
MF4-0.8-HTSTskim-D0,4,1,UPS,0.8,0,skim,,,,,,,,,,,534,,,,KEEP
std-whole-0.8,3,2,UPS,0.8,0,stdwhole,,,,,,,,,,,535,,,,KEEP
MF4-0.8-prepumpSkim-D0,4,1,UPS,0.8,0,skim,,,,,,,,,,,535,pre,,,KEEP
MF4-1.2-Standardized-D0,4,2,UPS,1.2,0,stdwhole,,,,,,,,,,,535,,,,KEEP
MF4-1.2-Whole#12-D0,4,2,UPS,1.2,0,whole,,,,,,,,,,,535,,12,,KEEP
MF-skim-0.8,3,2,UPS,0.8,0,skim,,,,,milkoscan,-0.05,3.38,5.13,9.19,9.25,537,,,,KEEP
HTST-skim-0.8,3,2,UPS,0.8,0,skim,,,,,,,,,,,537,,12,,KEEP
HTST-whole-0.8,3,2,UPS,0.8,0,whole,,,,,,,,,,,537,,2,,KEEP
MF4-0.8-Skim#12-D0,4,1,UPS,0.8,0,skim,,,,,,,,,,,537,,12,,KEEP
MF4-1.2-HTSTSkim-D0,4,2,UPS,1.2,0,skim,,,,,,,,,,,537,,,,KEEP
MF4-0.8-Whole#12-D0,4,1,UPS,0.8,0,whole,,,,,,,,,,,537,,12,,KEEP
postpump-skim-0.8,3,2,UPS,0.8,0,rawskim,,,,,milkoscan,0.04,3.49,5.16,9.44,9.42,538,,,,KEEP
PrePump-Skim-1.2,3,1,UPS,1.2,0,rawskim,,,,,milkoscan,0.03,3.48,5.1,9.36,9.35,538,pre,,,KEEP
MF4-1.2-Skim#1-D0,4,2,UPS,1.2,0,skim,,,,,,,,,,,538,,1,,KEEP
MF4-1.2-Skim#12-D0,4,2,UPS,1.2,0,skim,,,,,,,,,,,539,,12,,KEEP
MF4-1.2-postpumpSkim-D0,4,2,UPS,1.2,0,skim,,,,,,,,,,,540,post,,,KEEP
MF4-0.8-MFSkim-D0,4,1,UPS,0.8,0,mfskim,,,,,,,,,,,541,,,,KEEP
MF4-1.2-MFSkim-D0,4,2,UPS,1.2,0,mfskim,,,,,,,,,,,541,,,,KEEP
prepump-skim-0.8,3,2,UPS,0.8,0,rawskim,,,,,,,,,,,543,pre,,,KEEP
MF4-1.2-prepumpSkim-D0,4,2,UPS,1.2,0,skim,,,,,,,,,,,543,pre,,,KEEP
raw-whole-na,3,,UPS,,0,rawwhole,,,,,milkoscan,4.04,3.43,5,13.19,9.14,544,,,,KEEP
MF4-0.8-postpumpSkim-D0,4,1,UPS,0.8,0,skim,,,,,,,,,,,545,post,,,KEEP
MF4-0.8-Standardized-D0,4,1,UPS,0.8,0,stdwhole,,,,,,,,,,,546,,,,KEEP
MF4-na-HTSTCream-D0,4,,UPS,,0,htstcream,,,,,,,,,,,564,,,,KEEP
HTST-cream-na,3,,UPS,,0,htstcream,,,,,milkoscan,38.4,2.67,3.04,44.53,6.39,565,,,,KEEP
raw-cream-na,3,,UPS,,0,rawcream,,,,,milkoscan,43.17,1.98,2.71,48.51,5.6,565,,,,KEEP
MF4-na-rawCream-D0,4,,UPS,,0,rawcream,,,,,,,,,,,565,,,,KEEP
MF-1-0.8-MFSkim-1,1,2,LS,0.8,0,mfskim,,,,,milkoscan,0.06,3.43,4.64,9.2,9.13,,,,,KEEP
MF-1-0.8-MFSkim-2,1,2,LS,0.8,0,mfskim,,,,,milkoscan,0.06,3.43,4.65,9.2,9.14,,,,,KEEP
MF-1-1.2-MFSkim-1,1,1,LS,1.2,0,mfskim,,,,,milkoscan,0.08,3.32,4.84,9.37,9.29,,,,,KEEP
MF-1-1.2-MFSkim-2,1,1,LS,1.2,0,mfskim,,,,,milkoscan,0.08,3.32,4.85,9.37,9.3,,,,,KEEP
MF-1-0.8-RawSkim-1,1,2,LS,0.8,0,rawskim,,,,,milkoscan,0.11,3.53,4.64,9.35,9.24,,,,,KEEP
MF-1-0.8-RawSkim-2,1,2,LS,0.8,0,rawskim,,,,,milkoscan,0.11,3.53,4.65,9.37,9.25,,,,,KEEP
MF1-0.8-S,1,2,LS,0.8,0,rawskim,,,,,,,,,,,,,,169,KEEP
MF-1-1.2-RawSkim-1,1,1,LS,1.2,0,rawskim,,,,,milkoscan,0.13,3.41,4.85,9.53,9.4,,,,,KEEP
MF-1-1.2-RawSkim-1,1,1,LS,1.2,0,rawskim,,,,,milkoscan,0.13,3.41,4.85,9.52,9.4,,,,,KEEP
MF1-1.2-S,1,1,LS,1.2,0,rawskim,,,,,,,,,,,,,,156,KEEP
MF1-08-W,1,2,LS,0.8,0,rawwhole,,,,,outsidelab,,,,,,,,,167,KEEP
MF1-1.2-W,1,1,LS,1.2,0,rawwhole,,,,,outsidelab,,,,,,,,,152,KEEP
MF-2-0.8-MFSkim-1,2,1,UPS,0.8,0,mfskim,,,,,milkoscan,0.03,3.24,4.32,8.52,8.47,,,,,KEEP
MF-2-0.8-MFSkim-2,2,1,UPS,0.8,0,mfskim,,,,,milkoscan,0.03,3.23,4.33,8.52,8.47,,,,,KEEP
MF-2-0.8-Skim-D63-10C,2,1,UPS,0.8,63,skim,10,6.44,19415,TRUE,,,,,,,,,,,KEEP
MF3-1.2-Skim-D42-10C,3,1,UPS,1.2,42,skim,10,6.55,20770.3,TRUE,,,,,,,,,,,KEEP
MF-2-1.2-MFSkim-1,2,,UPS,1.2,0,mfskim,,,,,milkoscan,0.06,3.45,4.81,9.45,9.39,,,,,KEEP
MF-2-1.2-MFSkim-2,2,,UPS,1.2,0,mfskim,,,,,milkoscan,0.06,3.46,4.81,9.45,9.39,,,,,KEEP
MF-2-0.8-RawSkim-1,2,1,UPS,0.8,0,rawskim,,,,,milkoscan,0.05,3.3,4.33,8.61,8.54,,,,,KEEP
MF-2-0.8-RawSkim-2,2,1,UPS,0.8,0,rawskim,,,,,milkoscan,0.05,3.3,4.32,8.6,8.53,,,,,KEEP
MF-2-1.2-RawSkim-1,2,,UPS,1.2,0,rawskim,,,,,milkoscan,0,3.55,5.15,9.46,9.49,,,,,KEEP
MF-2-1.2-RawSkim-2,2,,UPS,1.2,0,rawskim,,,,,milkoscan,0,3.56,5.15,9.47,9.49,,,,,KEEP
MF-2-0.8-Skim-D49-3C,2,1,UPS,0.8,49,skim,3,6.67,,,,,,,,,,,,,KEEP
MF-2-1.2-Skim-D49-3C,2,2,UPS,1.2,49,skim,3,6.63,,,,,,,,,,,,,KEEP
MF-2-0.8-Skim-D49-6.5C,2,1,UPS,0.8,49,skim,6.5,6.68,,,,,,,,,,,,,KEEP
MF-2-1.2-Skim-D49-6.5C,2,2,UPS,1.2,49,skim,6.5,6.68,,,,,,,,,,,,,KEEP
MF-2-0.8-Whole-D49-6.5C,2,1,UPS,0.8,49,whole,6.5,6.58,,,,,,,,,,,,,KEEP
MF-2-1.2-Whole-D49-6.5C,2,2,UPS,1.2,49,whole,6.5,6.69,,,,,,,,,,,,,KEEP
MF-2-0.8-Skim-D49-10C,2,1,UPS,0.8,49,skim,10,6.44,,,,,,,,,,,,,KEEP
MF-2-1.2-Skim-D49-10C,2,2,UPS,1.2,49,skim,10,6.69,,,,,,,,,,,,,PPC
MF-2-0.8-Whole-D49-10C,2,1,UPS,0.8,49,whole,10,6.55,,,,,,,,,,,,,KEEP
MF-2-1.2-Whole-D49-10C,2,2,UPS,1.2,49,whole,10,6.5,,,,,,,,,,,,,KEEP
MF-2-0.8-Skim-D56-3C,2,1,UPS,0.8,56,skim,3,6.64,,,,,,,,,,,,,PPC
MF-2-1.2-Skim-D56-3C,2,2,UPS,1.2,56,skim,3,6.69,,,,,,,,,,,,,KEEP
MF-2-0.8-Skim-D56-6.5C,2,1,UPS,0.8,56,skim,6.5,6.65,,,,,,,,,,,,,KEEP
MF-2-1.2-Skim-D56-6.5C,2,2,UPS,1.2,56,skim,6.5,6.72,,,,,,,,,,,,,KEEP
MF-2-0.8-Whole-D56-6.5C,2,1,UPS,0.8,56,whole,6.5,6.64,,,,,,,,,,,,,KEEP
MF-2-1.2-Whole-D56-6.5C,2,2,UPS,1.2,56,whole,6.5,6.66,,,,,,,,,,,,,KEEP
MF-2-0.8-Skim-D56-10C,2,1,UPS,0.8,56,skim,10,6.48,,,,,,,,,,,,,KEEP
MF-2-1.2-Skim-D56-10C,2,2,UPS,1.2,56,skim,10,6.64,,,,,,,,,,,,,KEEP
MF-2-0.8-Whole-D56-10C,2,1,UPS,0.8,56,whole,10,6.55,,,,,,,,,,,,,KEEP
MF-2-1.2-Whole-D56-10C,2,2,UPS,1.2,56,whole,10,6.16,,,,,,,,,,,,,KEEP
MF-skim-0.8,3,2,UPS,0.8,0,mfskim,,,,,milkoscan,-0.03,3.36,5.14,9.21,9.24,,,,,KEEP
MF3-MF Skim 0.8,3,2,UPS,0.8,0,mfskim,,,,,outsidelab,0.12,3.16,,,,,,,2,KEEP
MF-skim-1.2,3,1,UPS,1.2,0,mfskim,,,,,milkoscan,0,3.39,5.05,9.19,9.19,,,,,KEEP
MF3-MF Skim 1-2,3,1,UPS,1.2,0,mfskim,,,,,outsidelab,0.12,3.18,,,,,,,4,KEEP
postpump-skim-0.8,3,2,UPS,0.8,0,rawskim,,,,,milkoscan,0.03,3.49,5.13,9.4,9.38,,,,,KEEP
MF3-MF-Raw Skim 0-8,3,2,UPS,0.8,0,rawskim,,,,,outsidelab,0.15,3.27,,,,,,,120,KEEP
PrePump-Skim-1.2,3,1,UPS,1.2,0,rawskim,,,,,milkoscan,0.04,3.46,5.1,9.36,9.32,,,,,KEEP
MF3-MF-Raw Skim 1-2,3,1,UPS,1.2,0,rawskim,,,,,outsidelab,0.14,3.24,,,,,,,143,KEEP
raw-whole-na,3,,UPS,,0,rawwhole,,,,,milkoscan,4.06,3.43,5,13.22,9.15,,,,,KEEP
MF3-MF-Raw Whole,3,,UPS,,0,rawwhole,,,,,outsidelab,4.06,3.15,,,,,,,202,KEEP
MF3-HTST Skim 0.8,3,2,UPS,0.8,0,skim,,,,,outsidelab,0.13,3.07,,,,,,,0,KEEP
HTST-skim-1.2,3,1,UPS,1.2,0,skim,,,,,milkoscan,-0.06,3.27,4.92,8.92,8.93,,,,,KEEP
HTST-skim-1.2,3,1,UPS,1.2,0,skim,,,,,milkoscan,3.19,3.11,4.6,11.7,8.39,,,,,KEEP
MF3-HTST Skim 1.2,3,1,UPS,1.2,0,skim,,,,,outsidelab,0.13,3.08,,,,,,,1,KEEP
HTST-skim-0.8,3,2,UPS,,0,skim,,,,,milkoscan,-0.04,3.27,4.96,8.98,8.97,,,,,KEEP
std-whole-0.8,3,2,UPS,0.8,0,whole,,,,,milkoscan,4.11,3.29,4.95,13.07,8.93,,,,,KEEP
HTST-whole-0.8,3,2,UPS,0.8,0,whole,,,,,milkoscan,3.42,3.16,4.73,12.08,8.57,,,,,KEEP
MF3-HTST Whole 0.8,3,2,UPS,0.8,0,whole,,,,,outsidelab,3.95,2.91,,,,,,,10,KEEP
MF3-HTST Whole 1.2,3,1,UPS,1.2,0,whole,,,,,outsidelab,3.98,2.86,,,,,,,7,KEEP
MF4-0.8-MFSkim-D0,4,1,UPS,0.8,0,mfskim,,,,,milkoscan,0.06,3.52,5.17,9.5,9.46,,,,,KEEP
MF4-MFSkim0.8,4,1,UPS,0.8,0,mfskim,,,,,outsidelab,-0.17,3.28,5.14,9.07,,,,,,KEEP
MF4-1.2-MFSkim-D0,4,2,UPS,1.2,0,mfskim,,,,,milkoscan,0.06,3.53,5.18,9.52,9.48,,,,,KEEP
MF4-MFSkim1.2,4,2,UPS,1.2,0,mfskim,,,,,outsidelab,-0.2,3.22,5.13,8.97,,,,,,KEEP
MF4-0.8-RawSkim-D0,4,1,UPS,0.8,0,rawskim,,,,,milkoscan,0.05,3.51,5.18,9.48,9.45,,,,,KEEP
MF4-RawSkim0.8,4,1,UPS,0.8,0,rawskim,,,,,outsidelab,-0.14,3.28,5.14,9.1,,,,,,KEEP
MF4-1.2-RawSkim-D0,4,2,UPS,1.2,0,rawskim,,,,,milkoscan,0.05,3.52,5.18,9.51,9.47,,,,,KEEP
MF4-RawSkim1.2,4,2,UPS,1.2,0,rawskim,,,,,outsidelab,-0.17,3.27,5.14,9.05,,,,,,KEEP
MF4-rawWHOLE,4,,UPS,,0,rawwhole,,,,,outsidelab,,,,,,,,,214,KEEP
MF4-0.8-HTSTSkim-D0,4,1,UPS,0.8,0,skim,,,,,milkoscan,0.38,3.4,5.11,9.65,9.25,,,,,KEEP
MF4-HTSTSkim0.8,4,1,UPS,0.8,0,skim,,,,,outsidelab,0.2,3.16,5.08,9.3,,,,,,KEEP
MF4-1.2-HTSTSkim-D0,4,2,UPS,1.2,0,skim,,,,,milkoscan,0,3.45,5.14,9.35,9.35,,,,,KEEP
MF4-HTSTSkim1.2,4,2,UPS,1.2,0,skim,,,,,outsidelab,-0.17,3.22,5.11,8.99,,,,,,KEEP
MF4-0.8-Standardized-D0,4,1,UPS,0.8,0,stdwhole,,,,,milkoscan,3.58,3.31,4.97,12.6,8.99,,,,,KEEP
MF4-1.2-Standardized-D0,4,2,UPS,1.2,0,stdwhole,,,,,milkoscan,4.22,3.38,4.97,13.3,9.05,,,,,KEEP
MF4-0.8-HTSTWhole-D0,4,1,UPS,0.8,0,whole,,,,,milkoscan,3.56,3.34,4.98,12.62,9.02,,,,,KEEP
MF4-HTSTwhole0.8,4,1,UPS,0.8,0,whole,,,,,outsidelab,3.58,3.08,4.93,12.54,,,,,,KEEP
MF4-1.2-HTSTWhole-D0,4,2,UPS,1.2,0,whole,,,,,milkoscan,3.46,3.39,4.99,12.57,9.1,,,,,KEEP
MF4-HTSTwhole1.2,4,2,UPS,1.2,0,whole,,,,,outsidelab,3.45,3.11,4.94,12.45,,,,,,KEEP
MF-2-0.8-Whole-D49-3C,2,1,UPS,0.8,49,whole,3,6.68,,,,,,,,,,,,,KEEP
MF-2-1.2-Whole-D49-3C,2,2,UPS,1.2,49,whole,3,6.67,,,,,,,,,,,,,KEEP
MF4-1.2-Skim-D63-10C,3,1,UPS,1.2,56,skim,10,6.18,23224.8,TRUE,,,,,,,,,,,KEEP
MF4-1.2-Skim-D63-10C,4,2,UPS,1.2,63,skim,10,6.58,23224.8,TRUE,,,,,,,,,,,PPC
MF-2-0.8-Skim-D28-10C,2,1,UPS,0.8,28,skim,10,6.56,23584,TRUE,,,,,,,,,,,KEEP
MF-2-0.8-Skim-D35-10C,2,1,UPS,0.8,35,skim,10,6.56,34456.6,TRUE,,,,,,,,,,,KEEP
MF-2-0.8-Whole-D56-3C,2,1,UPS,0.8,56,whole,3,6.69,,,,,,,,,,,,,KEEP
MF-2-1.2-Whole-D56-3C,2,2,UPS,1.2,56,whole,3,6.69,,,,,,,,,,,,,KEEP
